--------------------------------------------------------
-- Archivo creado  - lunes-diciembre-17-2018   
--------------------------------------------------------
--------------------------------------------------------
--  DDL for Sequence BECA_SEQ
--------------------------------------------------------

   CREATE SEQUENCE  "CENTRAL"."BECA_SEQ"  MINVALUE 1 MAXVALUE 999999999999999999999999999 INCREMENT BY 1 START WITH 21 CACHE 20 NOORDER  NOCYCLE ;
--------------------------------------------------------
--  DDL for Sequence COMPRA_SEQ
--------------------------------------------------------

   CREATE SEQUENCE  "CENTRAL"."COMPRA_SEQ"  MINVALUE 1 MAXVALUE 999999999999999999999999999 INCREMENT BY 1 START WITH 61 CACHE 20 NOORDER  NOCYCLE ;
--------------------------------------------------------
--  DDL for Sequence INSUMO_SEQ
--------------------------------------------------------

   CREATE SEQUENCE  "CENTRAL"."INSUMO_SEQ"  MINVALUE 1 MAXVALUE 999999999999999999999999999 INCREMENT BY 1 START WITH 181 CACHE 20 NOORDER  NOCYCLE ;
--------------------------------------------------------
--  DDL for Sequence ITEMS_COMPRA_SEQ
--------------------------------------------------------

   CREATE SEQUENCE  "CENTRAL"."ITEMS_COMPRA_SEQ"  MINVALUE 1 MAXVALUE 999999999999999999999999999 INCREMENT BY 1 START WITH 1 CACHE 20 NOORDER  NOCYCLE ;
--------------------------------------------------------
--  DDL for Sequence ITEMS_VENTA_SEQ
--------------------------------------------------------

   CREATE SEQUENCE  "CENTRAL"."ITEMS_VENTA_SEQ"  MINVALUE 1 MAXVALUE 999999999999999999999999999 INCREMENT BY 1 START WITH 1 CACHE 20 NOORDER  NOCYCLE ;
--------------------------------------------------------
--  DDL for Sequence PERFIL_SEQ
--------------------------------------------------------

   CREATE SEQUENCE  "CENTRAL"."PERFIL_SEQ"  MINVALUE 1 MAXVALUE 999999999999999999999999999 INCREMENT BY 1 START WITH 41 CACHE 20 NOORDER  NOCYCLE ;
--------------------------------------------------------
--  DDL for Sequence PRODUCTO_SEQ
--------------------------------------------------------

   CREATE SEQUENCE  "CENTRAL"."PRODUCTO_SEQ"  MINVALUE 1 MAXVALUE 999999999999999999999999999 INCREMENT BY 1 START WITH 21 CACHE 20 NOORDER  NOCYCLE ;
--------------------------------------------------------
--  DDL for Sequence SUCURSAL_SEQ
--------------------------------------------------------

   CREATE SEQUENCE  "CENTRAL"."SUCURSAL_SEQ"  MINVALUE 1 MAXVALUE 999999999999999999999999999 INCREMENT BY 1 START WITH 61 CACHE 20 NOORDER  NOCYCLE ;
--------------------------------------------------------
--  DDL for Sequence TIPO_VENTA_SEQ
--------------------------------------------------------

   CREATE SEQUENCE  "CENTRAL"."TIPO_VENTA_SEQ"  MINVALUE 1 MAXVALUE 999999999999999999999999999 INCREMENT BY 1 START WITH 41 CACHE 20 NOORDER  NOCYCLE ;
--------------------------------------------------------
--  DDL for Sequence UCC_SEQ
--------------------------------------------------------

   CREATE SEQUENCE  "CENTRAL"."UCC_SEQ"  MINVALUE 1 MAXVALUE 999999999999999999999999999 INCREMENT BY 1 START WITH 141 CACHE 20 NOORDER  NOCYCLE ;
--------------------------------------------------------
--  DDL for Sequence VENTA_SEQ
--------------------------------------------------------

   CREATE SEQUENCE  "CENTRAL"."VENTA_SEQ"  MINVALUE 1 MAXVALUE 999999999999999999999999999 INCREMENT BY 1 START WITH 541 CACHE 20 NOORDER  NOCYCLE ;
--------------------------------------------------------
--  DDL for Table BECA
--------------------------------------------------------

  CREATE TABLE "CENTRAL"."BECA" 
   (	"ID_BECA" NUMBER(10,0), 
	"CANTIDAD" NUMBER(10,0), 
	"ID_USUARIO" NUMBER(10,0), 
	"ID_SUCURSAL" NUMBER(10,0), 
	"N_BECA" NUMBER(10,0), 
	"FECHA_INGRESO" DATE
   ) PCTFREE 10 PCTUSED 40 INITRANS 1 MAXTRANS 255 NOCOMPRESS LOGGING
  STORAGE(INITIAL 65536 NEXT 1048576 MINEXTENTS 1 MAXEXTENTS 2147483645
  PCTINCREASE 0 FREELISTS 1 FREELIST GROUPS 1 BUFFER_POOL DEFAULT)
  TABLESPACE "USERS" ;
--------------------------------------------------------
--  DDL for Table COMPRA
--------------------------------------------------------

  CREATE TABLE "CENTRAL"."COMPRA" 
   (	"ID_COMPRA" NUMBER(10,0), 
	"ID_USUARIO" NUMBER(10,0), 
	"N_FACTURA" NUMBER(10,0), 
	"FECHA_INGRESO" DATE, 
	"ID_UCC" NUMBER(10,0), 
	"SUBTOTAL" NUMBER(10,0), 
	"IVA" NUMBER(10,0), 
	"TOTAL" NUMBER(10,0), 
	"OBSERVACION" VARCHAR2(50 BYTE), 
	"ID_SUCURSAL" NUMBER(10,0), 
	"ESTADO" NUMBER(1,0)
   ) PCTFREE 10 PCTUSED 40 INITRANS 1 MAXTRANS 255 NOCOMPRESS LOGGING
  STORAGE(INITIAL 65536 NEXT 1048576 MINEXTENTS 1 MAXEXTENTS 2147483645
  PCTINCREASE 0 FREELISTS 1 FREELIST GROUPS 1 BUFFER_POOL DEFAULT)
  TABLESPACE "USERS" ;
--------------------------------------------------------
--  DDL for Table INSUMO
--------------------------------------------------------

  CREATE TABLE "CENTRAL"."INSUMO" 
   (	"ID_INSUMO" NUMBER(10,0), 
	"NOMBRE_I" VARCHAR2(20 BYTE), 
	"PRECIO_C" NUMBER(10,0), 
	"MARCA" VARCHAR2(20 BYTE), 
	"STOCK" NUMBER(10,0), 
	"ID_PROVEEDOR" NUMBER(10,0), 
	"ID_SUCURSAL" NUMBER(10,0)
   ) PCTFREE 10 PCTUSED 40 INITRANS 1 MAXTRANS 255 NOCOMPRESS LOGGING
  STORAGE(INITIAL 65536 NEXT 1048576 MINEXTENTS 1 MAXEXTENTS 2147483645
  PCTINCREASE 0 FREELISTS 1 FREELIST GROUPS 1 BUFFER_POOL DEFAULT)
  TABLESPACE "USERS" ;
--------------------------------------------------------
--  DDL for Table ITEMS_COMPRA
--------------------------------------------------------

  CREATE TABLE "CENTRAL"."ITEMS_COMPRA" 
   (	"ID_ITEMS_COMPRA" NUMBER(10,0), 
	"ID_COMPRA" NUMBER(10,0), 
	"ID_INSUMO" NUMBER(10,0), 
	"CANTIDAD" NUMBER(10,0)
   ) PCTFREE 10 PCTUSED 40 INITRANS 1 MAXTRANS 255 NOCOMPRESS LOGGING
  STORAGE(INITIAL 65536 NEXT 1048576 MINEXTENTS 1 MAXEXTENTS 2147483645
  PCTINCREASE 0 FREELISTS 1 FREELIST GROUPS 1 BUFFER_POOL DEFAULT)
  TABLESPACE "USERS" ;
--------------------------------------------------------
--  DDL for Table ITEMS_VENTA
--------------------------------------------------------

  CREATE TABLE "CENTRAL"."ITEMS_VENTA" 
   (	"ID_ITEMS_VENTA" NUMBER(10,0), 
	"ID_VENTA" NUMBER(10,0), 
	"ID_PRODUCTO" NUMBER(10,0), 
	"CANTIDAD" NUMBER(10,0)
   ) PCTFREE 10 PCTUSED 40 INITRANS 1 MAXTRANS 255 NOCOMPRESS LOGGING
  STORAGE(INITIAL 65536 NEXT 1048576 MINEXTENTS 1 MAXEXTENTS 2147483645
  PCTINCREASE 0 FREELISTS 1 FREELIST GROUPS 1 BUFFER_POOL DEFAULT)
  TABLESPACE "USERS" ;
--------------------------------------------------------
--  DDL for Table PERFIL
--------------------------------------------------------

  CREATE TABLE "CENTRAL"."PERFIL" 
   (	"ID_PERFIL" NUMBER(10,0), 
	"ROL" VARCHAR2(10 BYTE)
   ) PCTFREE 10 PCTUSED 40 INITRANS 1 MAXTRANS 255 NOCOMPRESS LOGGING
  STORAGE(INITIAL 65536 NEXT 1048576 MINEXTENTS 1 MAXEXTENTS 2147483645
  PCTINCREASE 0 FREELISTS 1 FREELIST GROUPS 1 BUFFER_POOL DEFAULT)
  TABLESPACE "USERS" ;
--------------------------------------------------------
--  DDL for Table PRODUCTO
--------------------------------------------------------

  CREATE TABLE "CENTRAL"."PRODUCTO" 
   (	"ID_PRODUCTO" NUMBER(10,0), 
	"NOMBRE" VARCHAR2(20 BYTE), 
	"PRECIO_V" NUMBER(10,0), 
	"ID_INSUMO" NUMBER(10,0), 
	"ID_SUCURSAL" NUMBER(10,0), 
	"ESTADO" NUMBER(10,0)
   ) PCTFREE 10 PCTUSED 40 INITRANS 1 MAXTRANS 255 NOCOMPRESS LOGGING
  STORAGE(INITIAL 65536 NEXT 1048576 MINEXTENTS 1 MAXEXTENTS 2147483645
  PCTINCREASE 0 FREELISTS 1 FREELIST GROUPS 1 BUFFER_POOL DEFAULT)
  TABLESPACE "USERS" ;
--------------------------------------------------------
--  DDL for Table PROVEEDOR
--------------------------------------------------------

  CREATE TABLE "CENTRAL"."PROVEEDOR" 
   (	"RUT_PROVEEDOR" NUMBER(10,0), 
	"NOMBRE_P" VARCHAR2(20 BYTE), 
	"TELEFONO" NUMBER(15,0), 
	"DIRECCION" VARCHAR2(20 BYTE)
   ) PCTFREE 10 PCTUSED 40 INITRANS 1 MAXTRANS 255 NOCOMPRESS LOGGING
  STORAGE(INITIAL 65536 NEXT 1048576 MINEXTENTS 1 MAXEXTENTS 2147483645
  PCTINCREASE 0 FREELISTS 1 FREELIST GROUPS 1 BUFFER_POOL DEFAULT)
  TABLESPACE "USERS" ;
--------------------------------------------------------
--  DDL for Table SUCURSAL
--------------------------------------------------------

  CREATE TABLE "CENTRAL"."SUCURSAL" 
   (	"ID_SUCURSAL" NUMBER(10,0), 
	"NOMBRE_S" VARCHAR2(20 BYTE), 
	"CIUDAD" VARCHAR2(20 BYTE)
   ) PCTFREE 10 PCTUSED 40 INITRANS 1 MAXTRANS 255 NOCOMPRESS LOGGING
  STORAGE(INITIAL 65536 NEXT 1048576 MINEXTENTS 1 MAXEXTENTS 2147483645
  PCTINCREASE 0 FREELISTS 1 FREELIST GROUPS 1 BUFFER_POOL DEFAULT)
  TABLESPACE "USERS" ;
--------------------------------------------------------
--  DDL for Table TIPO_VENTA
--------------------------------------------------------

  CREATE TABLE "CENTRAL"."TIPO_VENTA" 
   (	"ID_TIPO_VENTA" NUMBER(10,0), 
	"NOMBRE" VARCHAR2(20 BYTE)
   ) PCTFREE 10 PCTUSED 40 INITRANS 1 MAXTRANS 255 NOCOMPRESS LOGGING
  STORAGE(INITIAL 65536 NEXT 1048576 MINEXTENTS 1 MAXEXTENTS 2147483645
  PCTINCREASE 0 FREELISTS 1 FREELIST GROUPS 1 BUFFER_POOL DEFAULT)
  TABLESPACE "USERS" ;
--------------------------------------------------------
--  DDL for Table UCC
--------------------------------------------------------

  CREATE TABLE "CENTRAL"."UCC" 
   (	"ID_UCC" NUMBER(10,0), 
	"NUMERO_UCC" NUMBER(10,0), 
	"NOMBRE" VARCHAR2(80 BYTE), 
	"ANEXO" NUMBER(10,0)
   ) PCTFREE 10 PCTUSED 40 INITRANS 1 MAXTRANS 255 NOCOMPRESS LOGGING
  STORAGE(INITIAL 65536 NEXT 1048576 MINEXTENTS 1 MAXEXTENTS 2147483645
  PCTINCREASE 0 FREELISTS 1 FREELIST GROUPS 1 BUFFER_POOL DEFAULT)
  TABLESPACE "USERS" ;
--------------------------------------------------------
--  DDL for Table USUARIO
--------------------------------------------------------

  CREATE TABLE "CENTRAL"."USUARIO" 
   (	"RUT" NUMBER(10,0), 
	"NOMBRE" VARCHAR2(20 BYTE), 
	"APELLIDOS" VARCHAR2(20 BYTE), 
	"CARGO" VARCHAR2(20 BYTE), 
	"CLAVE" VARCHAR2(20 BYTE), 
	"ID_SUCURSAL" NUMBER(10,0), 
	"ID_PERFIL" NUMBER(10,0)
   ) PCTFREE 10 PCTUSED 40 INITRANS 1 MAXTRANS 255 NOCOMPRESS LOGGING
  STORAGE(INITIAL 65536 NEXT 1048576 MINEXTENTS 1 MAXEXTENTS 2147483645
  PCTINCREASE 0 FREELISTS 1 FREELIST GROUPS 1 BUFFER_POOL DEFAULT)
  TABLESPACE "USERS" ;
--------------------------------------------------------
--  DDL for Table VENTA
--------------------------------------------------------

  CREATE TABLE "CENTRAL"."VENTA" 
   (	"ID_VENTA" NUMBER(10,0), 
	"ID_USUARIO" NUMBER(10,0), 
	"N_BOLETA" NUMBER(10,0), 
	"N_ORDEN" NUMBER(10,0), 
	"FECHA_INGRESO" DATE, 
	"ID_UCC" NUMBER(10,0), 
	"ID_TIPO_VENTA" NUMBER(10,0), 
	"TOTAL" NUMBER(10,0), 
	"OBSERVACION" VARCHAR2(50 BYTE), 
	"ID_SUCURSAL" NUMBER(10,0), 
	"ESTADO" NUMBER(1,0)
   ) PCTFREE 10 PCTUSED 40 INITRANS 1 MAXTRANS 255 NOCOMPRESS LOGGING
  STORAGE(INITIAL 65536 NEXT 1048576 MINEXTENTS 1 MAXEXTENTS 2147483645
  PCTINCREASE 0 FREELISTS 1 FREELIST GROUPS 1 BUFFER_POOL DEFAULT)
  TABLESPACE "USERS" ;
REM INSERTING into CENTRAL.BECA
SET DEFINE OFF;
Insert into CENTRAL.BECA (ID_BECA,CANTIDAD,ID_USUARIO,ID_SUCURSAL,N_BECA,FECHA_INGRESO) values ('1','44','18731299','44','123',to_date('14/12/18','DD/MM/RR'));
Insert into CENTRAL.BECA (ID_BECA,CANTIDAD,ID_USUARIO,ID_SUCURSAL,N_BECA,FECHA_INGRESO) values ('5','14','18731299','44','4444',to_date('14/12/18','DD/MM/RR'));
Insert into CENTRAL.BECA (ID_BECA,CANTIDAD,ID_USUARIO,ID_SUCURSAL,N_BECA,FECHA_INGRESO) values ('12','50','18731299','44','3579',to_date('14/12/18','DD/MM/RR'));
Insert into CENTRAL.BECA (ID_BECA,CANTIDAD,ID_USUARIO,ID_SUCURSAL,N_BECA,FECHA_INGRESO) values ('6','900','18731299','44','77777',to_date('14/12/18','DD/MM/RR'));
Insert into CENTRAL.BECA (ID_BECA,CANTIDAD,ID_USUARIO,ID_SUCURSAL,N_BECA,FECHA_INGRESO) values ('8','10000','18731299','44','9999',to_date('14/12/18','DD/MM/RR'));
Insert into CENTRAL.BECA (ID_BECA,CANTIDAD,ID_USUARIO,ID_SUCURSAL,N_BECA,FECHA_INGRESO) values ('10','3132','18731299','44','694',to_date('13/12/18','DD/MM/RR'));
Insert into CENTRAL.BECA (ID_BECA,CANTIDAD,ID_USUARIO,ID_SUCURSAL,N_BECA,FECHA_INGRESO) values ('13','46','18731299','44','6666',to_date('14/12/18','DD/MM/RR'));
Insert into CENTRAL.BECA (ID_BECA,CANTIDAD,ID_USUARIO,ID_SUCURSAL,N_BECA,FECHA_INGRESO) values ('4','14','18731299','44','4444',to_date('14/12/18','DD/MM/RR'));
Insert into CENTRAL.BECA (ID_BECA,CANTIDAD,ID_USUARIO,ID_SUCURSAL,N_BECA,FECHA_INGRESO) values ('7','500','18731299','44','778',to_date('14/12/18','DD/MM/RR'));
Insert into CENTRAL.BECA (ID_BECA,CANTIDAD,ID_USUARIO,ID_SUCURSAL,N_BECA,FECHA_INGRESO) values ('9','100000','18731299','44','9999',to_date('14/12/18','DD/MM/RR'));
Insert into CENTRAL.BECA (ID_BECA,CANTIDAD,ID_USUARIO,ID_SUCURSAL,N_BECA,FECHA_INGRESO) values ('11','500','18731299','44','513',to_date('12/12/18','DD/MM/RR'));
Insert into CENTRAL.BECA (ID_BECA,CANTIDAD,ID_USUARIO,ID_SUCURSAL,N_BECA,FECHA_INGRESO) values ('2','232','18731299','44','333',to_date('14/12/18','DD/MM/RR'));
Insert into CENTRAL.BECA (ID_BECA,CANTIDAD,ID_USUARIO,ID_SUCURSAL,N_BECA,FECHA_INGRESO) values ('3','14','18731299','44','4444',to_date('14/12/18','DD/MM/RR'));
REM INSERTING into CENTRAL.COMPRA
SET DEFINE OFF;
Insert into CENTRAL.COMPRA (ID_COMPRA,ID_USUARIO,N_FACTURA,FECHA_INGRESO,ID_UCC,SUBTOTAL,IVA,TOTAL,OBSERVACION,ID_SUCURSAL,ESTADO) values ('7','18731299','333',to_date('13/12/18','DD/MM/RR'),'61','0',null,'0',null,'44','0');
Insert into CENTRAL.COMPRA (ID_COMPRA,ID_USUARIO,N_FACTURA,FECHA_INGRESO,ID_UCC,SUBTOTAL,IVA,TOTAL,OBSERVACION,ID_SUCURSAL,ESTADO) values ('9','18731299','3444',to_date('13/12/18','DD/MM/RR'),'61','0',null,'0',null,'44','0');
Insert into CENTRAL.COMPRA (ID_COMPRA,ID_USUARIO,N_FACTURA,FECHA_INGRESO,ID_UCC,SUBTOTAL,IVA,TOTAL,OBSERVACION,ID_SUCURSAL,ESTADO) values ('44','18731299','245826',to_date('17/12/18','DD/MM/RR'),'61','10400',null,'12376',null,'44','1');
Insert into CENTRAL.COMPRA (ID_COMPRA,ID_USUARIO,N_FACTURA,FECHA_INGRESO,ID_UCC,SUBTOTAL,IVA,TOTAL,OBSERVACION,ID_SUCURSAL,ESTADO) values ('3','18731299','3',to_date('13/12/18','DD/MM/RR'),'61','1500',null,'1785',null,'44','0');
Insert into CENTRAL.COMPRA (ID_COMPRA,ID_USUARIO,N_FACTURA,FECHA_INGRESO,ID_UCC,SUBTOTAL,IVA,TOTAL,OBSERVACION,ID_SUCURSAL,ESTADO) values ('11','18731299','3444',to_date('13/12/18','DD/MM/RR'),'61','0',null,'0',null,'44','0');
Insert into CENTRAL.COMPRA (ID_COMPRA,ID_USUARIO,N_FACTURA,FECHA_INGRESO,ID_UCC,SUBTOTAL,IVA,TOTAL,OBSERVACION,ID_SUCURSAL,ESTADO) values ('17','18731299','456',to_date('13/12/18','DD/MM/RR'),'61','6720',null,'7997',null,'44','1');
Insert into CENTRAL.COMPRA (ID_COMPRA,ID_USUARIO,N_FACTURA,FECHA_INGRESO,ID_UCC,SUBTOTAL,IVA,TOTAL,OBSERVACION,ID_SUCURSAL,ESTADO) values ('23','18731299','6758',to_date('14/12/18','DD/MM/RR'),'61','9000000',null,'10710000',null,'44',null);
Insert into CENTRAL.COMPRA (ID_COMPRA,ID_USUARIO,N_FACTURA,FECHA_INGRESO,ID_UCC,SUBTOTAL,IVA,TOTAL,OBSERVACION,ID_SUCURSAL,ESTADO) values ('25','18731299','5555',to_date('14/12/18','DD/MM/RR'),'61','10000',null,'11900',null,'44',null);
Insert into CENTRAL.COMPRA (ID_COMPRA,ID_USUARIO,N_FACTURA,FECHA_INGRESO,ID_UCC,SUBTOTAL,IVA,TOTAL,OBSERVACION,ID_SUCURSAL,ESTADO) values ('28','18731299','1',to_date('14/12/18','DD/MM/RR'),'61','100',null,'119',null,'44',null);
Insert into CENTRAL.COMPRA (ID_COMPRA,ID_USUARIO,N_FACTURA,FECHA_INGRESO,ID_UCC,SUBTOTAL,IVA,TOTAL,OBSERVACION,ID_SUCURSAL,ESTADO) values ('4','18731299','3',to_date('13/12/18','DD/MM/RR'),'61','1500',null,'1785',null,'44','0');
Insert into CENTRAL.COMPRA (ID_COMPRA,ID_USUARIO,N_FACTURA,FECHA_INGRESO,ID_UCC,SUBTOTAL,IVA,TOTAL,OBSERVACION,ID_SUCURSAL,ESTADO) values ('15','18731299','3444',to_date('13/12/18','DD/MM/RR'),'61','2400',null,'2856',null,'44','1');
Insert into CENTRAL.COMPRA (ID_COMPRA,ID_USUARIO,N_FACTURA,FECHA_INGRESO,ID_UCC,SUBTOTAL,IVA,TOTAL,OBSERVACION,ID_SUCURSAL,ESTADO) values ('30','18731299','1',to_date('14/12/18','DD/MM/RR'),'61','100',null,'119',null,'44',null);
Insert into CENTRAL.COMPRA (ID_COMPRA,ID_USUARIO,N_FACTURA,FECHA_INGRESO,ID_UCC,SUBTOTAL,IVA,TOTAL,OBSERVACION,ID_SUCURSAL,ESTADO) values ('1','18731299','3123',to_date('13/12/18','DD/MM/RR'),'61','2300',null,'2737',null,'44','0');
Insert into CENTRAL.COMPRA (ID_COMPRA,ID_USUARIO,N_FACTURA,FECHA_INGRESO,ID_UCC,SUBTOTAL,IVA,TOTAL,OBSERVACION,ID_SUCURSAL,ESTADO) values ('13','18731299','3444',to_date('13/12/18','DD/MM/RR'),'61','2400',null,'2856',null,'44',null);
Insert into CENTRAL.COMPRA (ID_COMPRA,ID_USUARIO,N_FACTURA,FECHA_INGRESO,ID_UCC,SUBTOTAL,IVA,TOTAL,OBSERVACION,ID_SUCURSAL,ESTADO) values ('21','18731299','55555',to_date('14/12/18','DD/MM/RR'),'61','8000000',null,'9520000',null,'44',null);
Insert into CENTRAL.COMPRA (ID_COMPRA,ID_USUARIO,N_FACTURA,FECHA_INGRESO,ID_UCC,SUBTOTAL,IVA,TOTAL,OBSERVACION,ID_SUCURSAL,ESTADO) values ('2','18731299','111',to_date('13/12/18','DD/MM/RR'),'61','2800',null,'3332',null,'44','0');
Insert into CENTRAL.COMPRA (ID_COMPRA,ID_USUARIO,N_FACTURA,FECHA_INGRESO,ID_UCC,SUBTOTAL,IVA,TOTAL,OBSERVACION,ID_SUCURSAL,ESTADO) values ('19','18731299','5',to_date('13/12/18','DD/MM/RR'),'61','480',null,'571',null,'44',null);
Insert into CENTRAL.COMPRA (ID_COMPRA,ID_USUARIO,N_FACTURA,FECHA_INGRESO,ID_UCC,SUBTOTAL,IVA,TOTAL,OBSERVACION,ID_SUCURSAL,ESTADO) values ('41','18731299','723457',to_date('17/12/18','DD/MM/RR'),'61','11300',null,'13447',null,'44','1');
REM INSERTING into CENTRAL.INSUMO
SET DEFINE OFF;
Insert into CENTRAL.INSUMO (ID_INSUMO,NOMBRE_I,PRECIO_C,MARCA,STOCK,ID_PROVEEDOR,ID_SUCURSAL) values ('145','hojas blancas','10','equalit','15','63',null);
Insert into CENTRAL.INSUMO (ID_INSUMO,NOMBRE_I,PRECIO_C,MARCA,STOCK,ID_PROVEEDOR,ID_SUCURSAL) values ('146','mica gofrada','100','arcor','115','63','44');
Insert into CENTRAL.INSUMO (ID_INSUMO,NOMBRE_I,PRECIO_C,MARCA,STOCK,ID_PROVEEDOR,ID_SUCURSAL) values ('163','Anillos 18','200','Arcor','333','65','44');
Insert into CENTRAL.INSUMO (ID_INSUMO,NOMBRE_I,PRECIO_C,MARCA,STOCK,ID_PROVEEDOR,ID_SUCURSAL) values ('170','Pruebasucursal','100','sony','500','65','45');
Insert into CENTRAL.INSUMO (ID_INSUMO,NOMBRE_I,PRECIO_C,MARCA,STOCK,ID_PROVEEDOR,ID_SUCURSAL) values ('161','Disquete','100','samsung','458','64','44');
Insert into CENTRAL.INSUMO (ID_INSUMO,NOMBRE_I,PRECIO_C,MARCA,STOCK,ID_PROVEEDOR,ID_SUCURSAL) values ('148','cartulina color','300','nose','320','63','44');
Insert into CENTRAL.INSUMO (ID_INSUMO,NOMBRE_I,PRECIO_C,MARCA,STOCK,ID_PROVEEDOR,ID_SUCURSAL) values ('147','cartulina blanca','120','nose','180','63','44');
Insert into CENTRAL.INSUMO (ID_INSUMO,NOMBRE_I,PRECIO_C,MARCA,STOCK,ID_PROVEEDOR,ID_SUCURSAL) values ('149','cd','200','sony','51','65','44');
Insert into CENTRAL.INSUMO (ID_INSUMO,NOMBRE_I,PRECIO_C,MARCA,STOCK,ID_PROVEEDOR,ID_SUCURSAL) values ('162','lapiz bic','200','bic','164','63','44');
REM INSERTING into CENTRAL.ITEMS_COMPRA
SET DEFINE OFF;
Insert into CENTRAL.ITEMS_COMPRA (ID_ITEMS_COMPRA,ID_COMPRA,ID_INSUMO,CANTIDAD) values ('8','7','145','30');
Insert into CENTRAL.ITEMS_COMPRA (ID_ITEMS_COMPRA,ID_COMPRA,ID_INSUMO,CANTIDAD) values ('10','9','147','20');
Insert into CENTRAL.ITEMS_COMPRA (ID_ITEMS_COMPRA,ID_COMPRA,ID_INSUMO,CANTIDAD) values ('45','44','146','24');
Insert into CENTRAL.ITEMS_COMPRA (ID_ITEMS_COMPRA,ID_COMPRA,ID_INSUMO,CANTIDAD) values ('46','44','161','14');
Insert into CENTRAL.ITEMS_COMPRA (ID_ITEMS_COMPRA,ID_COMPRA,ID_INSUMO,CANTIDAD) values ('47','44','163','33');
Insert into CENTRAL.ITEMS_COMPRA (ID_ITEMS_COMPRA,ID_COMPRA,ID_INSUMO,CANTIDAD) values ('12','11','147','20');
Insert into CENTRAL.ITEMS_COMPRA (ID_ITEMS_COMPRA,ID_COMPRA,ID_INSUMO,CANTIDAD) values ('18','17','147','56');
Insert into CENTRAL.ITEMS_COMPRA (ID_ITEMS_COMPRA,ID_COMPRA,ID_INSUMO,CANTIDAD) values ('24','23','145','900000');
Insert into CENTRAL.ITEMS_COMPRA (ID_ITEMS_COMPRA,ID_COMPRA,ID_INSUMO,CANTIDAD) values ('26','25','146','40');
Insert into CENTRAL.ITEMS_COMPRA (ID_ITEMS_COMPRA,ID_COMPRA,ID_INSUMO,CANTIDAD) values ('27','25','149','30');
Insert into CENTRAL.ITEMS_COMPRA (ID_ITEMS_COMPRA,ID_COMPRA,ID_INSUMO,CANTIDAD) values ('29','28','145','10');
Insert into CENTRAL.ITEMS_COMPRA (ID_ITEMS_COMPRA,ID_COMPRA,ID_INSUMO,CANTIDAD) values ('16','15','147','20');
Insert into CENTRAL.ITEMS_COMPRA (ID_ITEMS_COMPRA,ID_COMPRA,ID_INSUMO,CANTIDAD) values ('31','30','145','10');
Insert into CENTRAL.ITEMS_COMPRA (ID_ITEMS_COMPRA,ID_COMPRA,ID_INSUMO,CANTIDAD) values ('14','13','147','20');
Insert into CENTRAL.ITEMS_COMPRA (ID_ITEMS_COMPRA,ID_COMPRA,ID_INSUMO,CANTIDAD) values ('22','21','145','800000');
Insert into CENTRAL.ITEMS_COMPRA (ID_ITEMS_COMPRA,ID_COMPRA,ID_INSUMO,CANTIDAD) values ('20','19','147','4');
Insert into CENTRAL.ITEMS_COMPRA (ID_ITEMS_COMPRA,ID_COMPRA,ID_INSUMO,CANTIDAD) values ('42','41','148','23');
Insert into CENTRAL.ITEMS_COMPRA (ID_ITEMS_COMPRA,ID_COMPRA,ID_INSUMO,CANTIDAD) values ('43','41','161','44');
REM INSERTING into CENTRAL.ITEMS_VENTA
SET DEFINE OFF;
Insert into CENTRAL.ITEMS_VENTA (ID_ITEMS_VENTA,ID_VENTA,ID_PRODUCTO,CANTIDAD) values ('130',null,'1','34');
Insert into CENTRAL.ITEMS_VENTA (ID_ITEMS_VENTA,ID_VENTA,ID_PRODUCTO,CANTIDAD) values ('131',null,'5','53');
Insert into CENTRAL.ITEMS_VENTA (ID_ITEMS_VENTA,ID_VENTA,ID_PRODUCTO,CANTIDAD) values ('159','158','1','342');
Insert into CENTRAL.ITEMS_VENTA (ID_ITEMS_VENTA,ID_VENTA,ID_PRODUCTO,CANTIDAD) values ('160','158','1','4234');
Insert into CENTRAL.ITEMS_VENTA (ID_ITEMS_VENTA,ID_VENTA,ID_PRODUCTO,CANTIDAD) values ('177','176','1','132');
Insert into CENTRAL.ITEMS_VENTA (ID_ITEMS_VENTA,ID_VENTA,ID_PRODUCTO,CANTIDAD) values ('181','180','1','132');
Insert into CENTRAL.ITEMS_VENTA (ID_ITEMS_VENTA,ID_VENTA,ID_PRODUCTO,CANTIDAD) values ('189','188','1','321');
Insert into CENTRAL.ITEMS_VENTA (ID_ITEMS_VENTA,ID_VENTA,ID_PRODUCTO,CANTIDAD) values ('190','188','1','452');
Insert into CENTRAL.ITEMS_VENTA (ID_ITEMS_VENTA,ID_VENTA,ID_PRODUCTO,CANTIDAD) values ('192','191','1','321');
Insert into CENTRAL.ITEMS_VENTA (ID_ITEMS_VENTA,ID_VENTA,ID_PRODUCTO,CANTIDAD) values ('193','191','1','452');
Insert into CENTRAL.ITEMS_VENTA (ID_ITEMS_VENTA,ID_VENTA,ID_PRODUCTO,CANTIDAD) values ('195','194','1','12');
Insert into CENTRAL.ITEMS_VENTA (ID_ITEMS_VENTA,ID_VENTA,ID_PRODUCTO,CANTIDAD) values ('196','194','2','4');
Insert into CENTRAL.ITEMS_VENTA (ID_ITEMS_VENTA,ID_VENTA,ID_PRODUCTO,CANTIDAD) values ('197','194','5','111');
Insert into CENTRAL.ITEMS_VENTA (ID_ITEMS_VENTA,ID_VENTA,ID_PRODUCTO,CANTIDAD) values ('202','201','1','132');
Insert into CENTRAL.ITEMS_VENTA (ID_ITEMS_VENTA,ID_VENTA,ID_PRODUCTO,CANTIDAD) values ('203','201','4','53');
Insert into CENTRAL.ITEMS_VENTA (ID_ITEMS_VENTA,ID_VENTA,ID_PRODUCTO,CANTIDAD) values ('264','263',null,null);
Insert into CENTRAL.ITEMS_VENTA (ID_ITEMS_VENTA,ID_VENTA,ID_PRODUCTO,CANTIDAD) values ('357','354','1',null);
Insert into CENTRAL.ITEMS_VENTA (ID_ITEMS_VENTA,ID_VENTA,ID_PRODUCTO,CANTIDAD) values ('360','354','1',null);
Insert into CENTRAL.ITEMS_VENTA (ID_ITEMS_VENTA,ID_VENTA,ID_PRODUCTO,CANTIDAD) values ('452','451','2','3');
Insert into CENTRAL.ITEMS_VENTA (ID_ITEMS_VENTA,ID_VENTA,ID_PRODUCTO,CANTIDAD) values ('455','454','2','2');
Insert into CENTRAL.ITEMS_VENTA (ID_ITEMS_VENTA,ID_VENTA,ID_PRODUCTO,CANTIDAD) values ('482','481','5','44');
Insert into CENTRAL.ITEMS_VENTA (ID_ITEMS_VENTA,ID_VENTA,ID_PRODUCTO,CANTIDAD) values ('505','504','5','5');
Insert into CENTRAL.ITEMS_VENTA (ID_ITEMS_VENTA,ID_VENTA,ID_PRODUCTO,CANTIDAD) values ('509','508','5','1');
Insert into CENTRAL.ITEMS_VENTA (ID_ITEMS_VENTA,ID_VENTA,ID_PRODUCTO,CANTIDAD) values ('125',null,'1','1');
Insert into CENTRAL.ITEMS_VENTA (ID_ITEMS_VENTA,ID_VENTA,ID_PRODUCTO,CANTIDAD) values ('126',null,'2','3');
Insert into CENTRAL.ITEMS_VENTA (ID_ITEMS_VENTA,ID_VENTA,ID_PRODUCTO,CANTIDAD) values ('127',null,'5','100');
Insert into CENTRAL.ITEMS_VENTA (ID_ITEMS_VENTA,ID_VENTA,ID_PRODUCTO,CANTIDAD) values ('128',null,'3','4');
Insert into CENTRAL.ITEMS_VENTA (ID_ITEMS_VENTA,ID_VENTA,ID_PRODUCTO,CANTIDAD) values ('141','140','2','3');
Insert into CENTRAL.ITEMS_VENTA (ID_ITEMS_VENTA,ID_VENTA,ID_PRODUCTO,CANTIDAD) values ('142','140','4','4');
Insert into CENTRAL.ITEMS_VENTA (ID_ITEMS_VENTA,ID_VENTA,ID_PRODUCTO,CANTIDAD) values ('143','140','3','1');
Insert into CENTRAL.ITEMS_VENTA (ID_ITEMS_VENTA,ID_VENTA,ID_PRODUCTO,CANTIDAD) values ('144','140','5','45');
Insert into CENTRAL.ITEMS_VENTA (ID_ITEMS_VENTA,ID_VENTA,ID_PRODUCTO,CANTIDAD) values ('145','140','1','1');
Insert into CENTRAL.ITEMS_VENTA (ID_ITEMS_VENTA,ID_VENTA,ID_PRODUCTO,CANTIDAD) values ('162','161','1','2');
Insert into CENTRAL.ITEMS_VENTA (ID_ITEMS_VENTA,ID_VENTA,ID_PRODUCTO,CANTIDAD) values ('164','163','1','2123');
Insert into CENTRAL.ITEMS_VENTA (ID_ITEMS_VENTA,ID_VENTA,ID_PRODUCTO,CANTIDAD) values ('166','165','1','341');
Insert into CENTRAL.ITEMS_VENTA (ID_ITEMS_VENTA,ID_VENTA,ID_PRODUCTO,CANTIDAD) values ('167','165','1','5');
Insert into CENTRAL.ITEMS_VENTA (ID_ITEMS_VENTA,ID_VENTA,ID_PRODUCTO,CANTIDAD) values ('242','241','1','44');
Insert into CENTRAL.ITEMS_VENTA (ID_ITEMS_VENTA,ID_VENTA,ID_PRODUCTO,CANTIDAD) values ('258','257','1','2');
Insert into CENTRAL.ITEMS_VENTA (ID_ITEMS_VENTA,ID_VENTA,ID_PRODUCTO,CANTIDAD) values ('259','257','1','3');
Insert into CENTRAL.ITEMS_VENTA (ID_ITEMS_VENTA,ID_VENTA,ID_PRODUCTO,CANTIDAD) values ('266','265',null,null);
Insert into CENTRAL.ITEMS_VENTA (ID_ITEMS_VENTA,ID_VENTA,ID_PRODUCTO,CANTIDAD) values ('268','267','2','3');
Insert into CENTRAL.ITEMS_VENTA (ID_ITEMS_VENTA,ID_VENTA,ID_PRODUCTO,CANTIDAD) values ('288','287','3','9');
Insert into CENTRAL.ITEMS_VENTA (ID_ITEMS_VENTA,ID_VENTA,ID_PRODUCTO,CANTIDAD) values ('290','289','3','9');
Insert into CENTRAL.ITEMS_VENTA (ID_ITEMS_VENTA,ID_VENTA,ID_PRODUCTO,CANTIDAD) values ('298','297','1','3');
Insert into CENTRAL.ITEMS_VENTA (ID_ITEMS_VENTA,ID_VENTA,ID_PRODUCTO,CANTIDAD) values ('304','303','1','3');
Insert into CENTRAL.ITEMS_VENTA (ID_ITEMS_VENTA,ID_VENTA,ID_PRODUCTO,CANTIDAD) values ('310','309','1','3');
Insert into CENTRAL.ITEMS_VENTA (ID_ITEMS_VENTA,ID_VENTA,ID_PRODUCTO,CANTIDAD) values ('312','311','1','3');
Insert into CENTRAL.ITEMS_VENTA (ID_ITEMS_VENTA,ID_VENTA,ID_PRODUCTO,CANTIDAD) values ('320','319','1','3');
Insert into CENTRAL.ITEMS_VENTA (ID_ITEMS_VENTA,ID_VENTA,ID_PRODUCTO,CANTIDAD) values ('326','325','1','3');
Insert into CENTRAL.ITEMS_VENTA (ID_ITEMS_VENTA,ID_VENTA,ID_PRODUCTO,CANTIDAD) values ('332','331','1','3');
Insert into CENTRAL.ITEMS_VENTA (ID_ITEMS_VENTA,ID_VENTA,ID_PRODUCTO,CANTIDAD) values ('338','337','1','3');
Insert into CENTRAL.ITEMS_VENTA (ID_ITEMS_VENTA,ID_VENTA,ID_PRODUCTO,CANTIDAD) values ('340','339','1','3');
Insert into CENTRAL.ITEMS_VENTA (ID_ITEMS_VENTA,ID_VENTA,ID_PRODUCTO,CANTIDAD) values ('342','341','1','3');
Insert into CENTRAL.ITEMS_VENTA (ID_ITEMS_VENTA,ID_VENTA,ID_PRODUCTO,CANTIDAD) values ('348','347','1','3');
Insert into CENTRAL.ITEMS_VENTA (ID_ITEMS_VENTA,ID_VENTA,ID_PRODUCTO,CANTIDAD) values ('350','349','1','3');
Insert into CENTRAL.ITEMS_VENTA (ID_ITEMS_VENTA,ID_VENTA,ID_PRODUCTO,CANTIDAD) values ('356','354','1',null);
Insert into CENTRAL.ITEMS_VENTA (ID_ITEMS_VENTA,ID_VENTA,ID_PRODUCTO,CANTIDAD) values ('361','354','1',null);
Insert into CENTRAL.ITEMS_VENTA (ID_ITEMS_VENTA,ID_VENTA,ID_PRODUCTO,CANTIDAD) values ('381','354','5','200');
Insert into CENTRAL.ITEMS_VENTA (ID_ITEMS_VENTA,ID_VENTA,ID_PRODUCTO,CANTIDAD) values ('442','441','5','330');
Insert into CENTRAL.ITEMS_VENTA (ID_ITEMS_VENTA,ID_VENTA,ID_PRODUCTO,CANTIDAD) values ('502','501','5','500');
Insert into CENTRAL.ITEMS_VENTA (ID_ITEMS_VENTA,ID_VENTA,ID_PRODUCTO,CANTIDAD) values ('503','501','2','4');
Insert into CENTRAL.ITEMS_VENTA (ID_ITEMS_VENTA,ID_VENTA,ID_PRODUCTO,CANTIDAD) values ('137','136','2','154');
Insert into CENTRAL.ITEMS_VENTA (ID_ITEMS_VENTA,ID_VENTA,ID_PRODUCTO,CANTIDAD) values ('186','185','3','3');
Insert into CENTRAL.ITEMS_VENTA (ID_ITEMS_VENTA,ID_VENTA,ID_PRODUCTO,CANTIDAD) values ('187','185','1','2');
Insert into CENTRAL.ITEMS_VENTA (ID_ITEMS_VENTA,ID_VENTA,ID_PRODUCTO,CANTIDAD) values ('225','224','3','231');
Insert into CENTRAL.ITEMS_VENTA (ID_ITEMS_VENTA,ID_VENTA,ID_PRODUCTO,CANTIDAD) values ('226','224','5','3535');
Insert into CENTRAL.ITEMS_VENTA (ID_ITEMS_VENTA,ID_VENTA,ID_PRODUCTO,CANTIDAD) values ('244','243','1','44');
Insert into CENTRAL.ITEMS_VENTA (ID_ITEMS_VENTA,ID_VENTA,ID_PRODUCTO,CANTIDAD) values ('255','254','1','2');
Insert into CENTRAL.ITEMS_VENTA (ID_ITEMS_VENTA,ID_VENTA,ID_PRODUCTO,CANTIDAD) values ('256','254','1','3');
Insert into CENTRAL.ITEMS_VENTA (ID_ITEMS_VENTA,ID_VENTA,ID_PRODUCTO,CANTIDAD) values ('261','260','3','2');
Insert into CENTRAL.ITEMS_VENTA (ID_ITEMS_VENTA,ID_VENTA,ID_PRODUCTO,CANTIDAD) values ('282','281','2','3');
Insert into CENTRAL.ITEMS_VENTA (ID_ITEMS_VENTA,ID_VENTA,ID_PRODUCTO,CANTIDAD) values ('283','281','4','5');
Insert into CENTRAL.ITEMS_VENTA (ID_ITEMS_VENTA,ID_VENTA,ID_PRODUCTO,CANTIDAD) values ('285','284','2','3');
Insert into CENTRAL.ITEMS_VENTA (ID_ITEMS_VENTA,ID_VENTA,ID_PRODUCTO,CANTIDAD) values ('286','284','4','5');
Insert into CENTRAL.ITEMS_VENTA (ID_ITEMS_VENTA,ID_VENTA,ID_PRODUCTO,CANTIDAD) values ('292','291','3','9');
Insert into CENTRAL.ITEMS_VENTA (ID_ITEMS_VENTA,ID_VENTA,ID_PRODUCTO,CANTIDAD) values ('294','293','3','9');
Insert into CENTRAL.ITEMS_VENTA (ID_ITEMS_VENTA,ID_VENTA,ID_PRODUCTO,CANTIDAD) values ('296','295','3','9');
Insert into CENTRAL.ITEMS_VENTA (ID_ITEMS_VENTA,ID_VENTA,ID_PRODUCTO,CANTIDAD) values ('302','301','1','3');
Insert into CENTRAL.ITEMS_VENTA (ID_ITEMS_VENTA,ID_VENTA,ID_PRODUCTO,CANTIDAD) values ('306','305','1','3');
Insert into CENTRAL.ITEMS_VENTA (ID_ITEMS_VENTA,ID_VENTA,ID_PRODUCTO,CANTIDAD) values ('314','313','1','3');
Insert into CENTRAL.ITEMS_VENTA (ID_ITEMS_VENTA,ID_VENTA,ID_PRODUCTO,CANTIDAD) values ('318','317','1','3');
Insert into CENTRAL.ITEMS_VENTA (ID_ITEMS_VENTA,ID_VENTA,ID_PRODUCTO,CANTIDAD) values ('322','321','1','3');
Insert into CENTRAL.ITEMS_VENTA (ID_ITEMS_VENTA,ID_VENTA,ID_PRODUCTO,CANTIDAD) values ('328','327','1','3');
Insert into CENTRAL.ITEMS_VENTA (ID_ITEMS_VENTA,ID_VENTA,ID_PRODUCTO,CANTIDAD) values ('334','333','1','3');
Insert into CENTRAL.ITEMS_VENTA (ID_ITEMS_VENTA,ID_VENTA,ID_PRODUCTO,CANTIDAD) values ('336','335','1','3');
Insert into CENTRAL.ITEMS_VENTA (ID_ITEMS_VENTA,ID_VENTA,ID_PRODUCTO,CANTIDAD) values ('355','354','5','8888');
Insert into CENTRAL.ITEMS_VENTA (ID_ITEMS_VENTA,ID_VENTA,ID_PRODUCTO,CANTIDAD) values ('358','354','1',null);
Insert into CENTRAL.ITEMS_VENTA (ID_ITEMS_VENTA,ID_VENTA,ID_PRODUCTO,CANTIDAD) values ('386','385','5','442');
Insert into CENTRAL.ITEMS_VENTA (ID_ITEMS_VENTA,ID_VENTA,ID_PRODUCTO,CANTIDAD) values ('402','401','1','0');
Insert into CENTRAL.ITEMS_VENTA (ID_ITEMS_VENTA,ID_VENTA,ID_PRODUCTO,CANTIDAD) values ('403','401','1',null);
Insert into CENTRAL.ITEMS_VENTA (ID_ITEMS_VENTA,ID_VENTA,ID_PRODUCTO,CANTIDAD) values ('404','401','1',null);
Insert into CENTRAL.ITEMS_VENTA (ID_ITEMS_VENTA,ID_VENTA,ID_PRODUCTO,CANTIDAD) values ('422','421','5','65');
Insert into CENTRAL.ITEMS_VENTA (ID_ITEMS_VENTA,ID_VENTA,ID_PRODUCTO,CANTIDAD) values ('135','134','2','154');
Insert into CENTRAL.ITEMS_VENTA (ID_ITEMS_VENTA,ID_VENTA,ID_PRODUCTO,CANTIDAD) values ('147','146','1','3');
Insert into CENTRAL.ITEMS_VENTA (ID_ITEMS_VENTA,ID_VENTA,ID_PRODUCTO,CANTIDAD) values ('151','150','1','33');
Insert into CENTRAL.ITEMS_VENTA (ID_ITEMS_VENTA,ID_VENTA,ID_PRODUCTO,CANTIDAD) values ('152','150','1','41');
Insert into CENTRAL.ITEMS_VENTA (ID_ITEMS_VENTA,ID_VENTA,ID_PRODUCTO,CANTIDAD) values ('154','153','1','2');
Insert into CENTRAL.ITEMS_VENTA (ID_ITEMS_VENTA,ID_VENTA,ID_PRODUCTO,CANTIDAD) values ('169','168','1','34');
Insert into CENTRAL.ITEMS_VENTA (ID_ITEMS_VENTA,ID_VENTA,ID_PRODUCTO,CANTIDAD) values ('173','172','1','332');
Insert into CENTRAL.ITEMS_VENTA (ID_ITEMS_VENTA,ID_VENTA,ID_PRODUCTO,CANTIDAD) values ('175','174','1','132');
Insert into CENTRAL.ITEMS_VENTA (ID_ITEMS_VENTA,ID_VENTA,ID_PRODUCTO,CANTIDAD) values ('179','178','1','132');
Insert into CENTRAL.ITEMS_VENTA (ID_ITEMS_VENTA,ID_VENTA,ID_PRODUCTO,CANTIDAD) values ('183','182','3','3');
Insert into CENTRAL.ITEMS_VENTA (ID_ITEMS_VENTA,ID_VENTA,ID_PRODUCTO,CANTIDAD) values ('184','182','1','2');
Insert into CENTRAL.ITEMS_VENTA (ID_ITEMS_VENTA,ID_VENTA,ID_PRODUCTO,CANTIDAD) values ('199','198','4','3');
Insert into CENTRAL.ITEMS_VENTA (ID_ITEMS_VENTA,ID_VENTA,ID_PRODUCTO,CANTIDAD) values ('200','198','2','123');
Insert into CENTRAL.ITEMS_VENTA (ID_ITEMS_VENTA,ID_VENTA,ID_PRODUCTO,CANTIDAD) values ('222','221','4','3');
Insert into CENTRAL.ITEMS_VENTA (ID_ITEMS_VENTA,ID_VENTA,ID_PRODUCTO,CANTIDAD) values ('223','221','5','58');
Insert into CENTRAL.ITEMS_VENTA (ID_ITEMS_VENTA,ID_VENTA,ID_PRODUCTO,CANTIDAD) values ('300','299','1','3');
Insert into CENTRAL.ITEMS_VENTA (ID_ITEMS_VENTA,ID_VENTA,ID_PRODUCTO,CANTIDAD) values ('308','307','1','3');
Insert into CENTRAL.ITEMS_VENTA (ID_ITEMS_VENTA,ID_VENTA,ID_PRODUCTO,CANTIDAD) values ('316','315','1','3');
Insert into CENTRAL.ITEMS_VENTA (ID_ITEMS_VENTA,ID_VENTA,ID_PRODUCTO,CANTIDAD) values ('324','323','1','3');
Insert into CENTRAL.ITEMS_VENTA (ID_ITEMS_VENTA,ID_VENTA,ID_PRODUCTO,CANTIDAD) values ('330','329','1','3');
Insert into CENTRAL.ITEMS_VENTA (ID_ITEMS_VENTA,ID_VENTA,ID_PRODUCTO,CANTIDAD) values ('344','343','1','3');
Insert into CENTRAL.ITEMS_VENTA (ID_ITEMS_VENTA,ID_VENTA,ID_PRODUCTO,CANTIDAD) values ('352','351','5','589');
Insert into CENTRAL.ITEMS_VENTA (ID_ITEMS_VENTA,ID_VENTA,ID_PRODUCTO,CANTIDAD) values ('353','351','2','2');
Insert into CENTRAL.ITEMS_VENTA (ID_ITEMS_VENTA,ID_VENTA,ID_PRODUCTO,CANTIDAD) values ('444','443','5','300');
Insert into CENTRAL.ITEMS_VENTA (ID_ITEMS_VENTA,ID_VENTA,ID_PRODUCTO,CANTIDAD) values ('484','483','4','7');
Insert into CENTRAL.ITEMS_VENTA (ID_ITEMS_VENTA,ID_VENTA,ID_PRODUCTO,CANTIDAD) values ('139','138','2','154');
Insert into CENTRAL.ITEMS_VENTA (ID_ITEMS_VENTA,ID_VENTA,ID_PRODUCTO,CANTIDAD) values ('156','155','1','342');
Insert into CENTRAL.ITEMS_VENTA (ID_ITEMS_VENTA,ID_VENTA,ID_PRODUCTO,CANTIDAD) values ('157','155','1','4234');
Insert into CENTRAL.ITEMS_VENTA (ID_ITEMS_VENTA,ID_VENTA,ID_PRODUCTO,CANTIDAD) values ('171',null,'1','332');
Insert into CENTRAL.ITEMS_VENTA (ID_ITEMS_VENTA,ID_VENTA,ID_PRODUCTO,CANTIDAD) values ('205','204','4','5');
Insert into CENTRAL.ITEMS_VENTA (ID_ITEMS_VENTA,ID_VENTA,ID_PRODUCTO,CANTIDAD) values ('206','204','2','5');
Insert into CENTRAL.ITEMS_VENTA (ID_ITEMS_VENTA,ID_VENTA,ID_PRODUCTO,CANTIDAD) values ('346','345','1','3');
Insert into CENTRAL.ITEMS_VENTA (ID_ITEMS_VENTA,ID_VENTA,ID_PRODUCTO,CANTIDAD) values ('359','354','1',null);
Insert into CENTRAL.ITEMS_VENTA (ID_ITEMS_VENTA,ID_VENTA,ID_PRODUCTO,CANTIDAD) values ('382','354','5','200');
Insert into CENTRAL.ITEMS_VENTA (ID_ITEMS_VENTA,ID_VENTA,ID_PRODUCTO,CANTIDAD) values ('384','383','5','200');
Insert into CENTRAL.ITEMS_VENTA (ID_ITEMS_VENTA,ID_VENTA,ID_PRODUCTO,CANTIDAD) values ('507','506','5','8');
Insert into CENTRAL.ITEMS_VENTA (ID_ITEMS_VENTA,ID_VENTA,ID_PRODUCTO,CANTIDAD) values ('511','510','5','10');
Insert into CENTRAL.ITEMS_VENTA (ID_ITEMS_VENTA,ID_VENTA,ID_PRODUCTO,CANTIDAD) values ('522','521','10','3');
Insert into CENTRAL.ITEMS_VENTA (ID_ITEMS_VENTA,ID_VENTA,ID_PRODUCTO,CANTIDAD) values ('524','523','10','33');
REM INSERTING into CENTRAL.PERFIL
SET DEFINE OFF;
Insert into CENTRAL.PERFIL (ID_PERFIL,ROL) values ('24','Admin');
Insert into CENTRAL.PERFIL (ID_PERFIL,ROL) values ('25','Super');
Insert into CENTRAL.PERFIL (ID_PERFIL,ROL) values ('26','Vendedor');
REM INSERTING into CENTRAL.PRODUCTO
SET DEFINE OFF;
Insert into CENTRAL.PRODUCTO (ID_PRODUCTO,NOMBRE,PRECIO_V,ID_INSUMO,ID_SUCURSAL,ESTADO) values ('1','MICAGOFRADA','210','146','44','1');
Insert into CENTRAL.PRODUCTO (ID_PRODUCTO,NOMBRE,PRECIO_V,ID_INSUMO,ID_SUCURSAL,ESTADO) values ('2','CD','500','149','44','1');
Insert into CENTRAL.PRODUCTO (ID_PRODUCTO,NOMBRE,PRECIO_V,ID_INSUMO,ID_SUCURSAL,ESTADO) values ('3','CARTULINA BLANCA','350','147','44','1');
Insert into CENTRAL.PRODUCTO (ID_PRODUCTO,NOMBRE,PRECIO_V,ID_INSUMO,ID_SUCURSAL,ESTADO) values ('4','CARTULINA COLOR','500','148','44','1');
Insert into CENTRAL.PRODUCTO (ID_PRODUCTO,NOMBRE,PRECIO_V,ID_INSUMO,ID_SUCURSAL,ESTADO) values ('5','FOTOCOPIA','20','145','44','1');
Insert into CENTRAL.PRODUCTO (ID_PRODUCTO,NOMBRE,PRECIO_V,ID_INSUMO,ID_SUCURSAL,ESTADO) values ('6','disquete','450','161','44','1');
Insert into CENTRAL.PRODUCTO (ID_PRODUCTO,NOMBRE,PRECIO_V,ID_INSUMO,ID_SUCURSAL,ESTADO) values ('10','lapiz bic','450','162','44','1');
Insert into CENTRAL.PRODUCTO (ID_PRODUCTO,NOMBRE,PRECIO_V,ID_INSUMO,ID_SUCURSAL,ESTADO) values ('11','Fotocopia color','200','145','44','1');
Insert into CENTRAL.PRODUCTO (ID_PRODUCTO,NOMBRE,PRECIO_V,ID_INSUMO,ID_SUCURSAL,ESTADO) values ('12','xdddddd','223','163','44','1');
REM INSERTING into CENTRAL.PROVEEDOR
SET DEFINE OFF;
Insert into CENTRAL.PROVEEDOR (RUT_PROVEEDOR,NOMBRE_P,TELEFONO,DIRECCION) values ('64','UCM','111113','Talca 2');
Insert into CENTRAL.PROVEEDOR (RUT_PROVEEDOR,NOMBRE_P,TELEFONO,DIRECCION) values ('18764522','OTRO','111113','Talca 2');
Insert into CENTRAL.PROVEEDOR (RUT_PROVEEDOR,NOMBRE_P,TELEFONO,DIRECCION) values ('63','Lider','333333','Av 300');
Insert into CENTRAL.PROVEEDOR (RUT_PROVEEDOR,NOMBRE_P,TELEFONO,DIRECCION) values ('65','Tucán','1282','Chile');
Insert into CENTRAL.PROVEEDOR (RUT_PROVEEDOR,NOMBRE_P,TELEFONO,DIRECCION) values ('18764533','javier','1243','kjalajsd');
REM INSERTING into CENTRAL.SUCURSAL
SET DEFINE OFF;
Insert into CENTRAL.SUCURSAL (ID_SUCURSAL,NOMBRE_S,CIUDAD) values ('46','Los Niches','Los Niches');
Insert into CENTRAL.SUCURSAL (ID_SUCURSAL,NOMBRE_S,CIUDAD) values ('45','Curicó','Curicó');
Insert into CENTRAL.SUCURSAL (ID_SUCURSAL,NOMBRE_S,CIUDAD) values ('44','San Miguel','Talca');
REM INSERTING into CENTRAL.TIPO_VENTA
SET DEFINE OFF;
Insert into CENTRAL.TIPO_VENTA (ID_TIPO_VENTA,NOMBRE) values ('25','ADMINISTRATIVO');
Insert into CENTRAL.TIPO_VENTA (ID_TIPO_VENTA,NOMBRE) values ('26','ENSEÑANZA');
Insert into CENTRAL.TIPO_VENTA (ID_TIPO_VENTA,NOMBRE) values ('27','FOTOCOPIAS');
Insert into CENTRAL.TIPO_VENTA (ID_TIPO_VENTA,NOMBRE) values ('28','MATERIALES');
REM INSERTING into CENTRAL.UCC
SET DEFINE OFF;
Insert into CENTRAL.UCC (ID_UCC,NUMERO_UCC,NOMBRE,ANEXO) values ('61','12345','Central talca','1234');
Insert into CENTRAL.UCC (ID_UCC,NUMERO_UCC,NOMBRE,ANEXO) values ('102','6464','Unidad 20000','637');
Insert into CENTRAL.UCC (ID_UCC,NUMERO_UCC,NOMBRE,ANEXO) values ('124','49658476','dghjm','2347');
Insert into CENTRAL.UCC (ID_UCC,NUMERO_UCC,NOMBRE,ANEXO) values ('125','3786','srfsdh','534');
Insert into CENTRAL.UCC (ID_UCC,NUMERO_UCC,NOMBRE,ANEXO) values ('126','5468735','sdfhg','3478');
Insert into CENTRAL.UCC (ID_UCC,NUMERO_UCC,NOMBRE,ANEXO) values ('131','735358','insertando','83556');
Insert into CENTRAL.UCC (ID_UCC,NUMERO_UCC,NOMBRE,ANEXO) values ('121','124','Javier','3553');
Insert into CENTRAL.UCC (ID_UCC,NUMERO_UCC,NOMBRE,ANEXO) values ('101','123467','Dpto matricula','4444');
Insert into CENTRAL.UCC (ID_UCC,NUMERO_UCC,NOMBRE,ANEXO) values ('122','86790','ssrgh','895');
Insert into CENTRAL.UCC (ID_UCC,NUMERO_UCC,NOMBRE,ANEXO) values ('123','57906','srfjy','8469');
REM INSERTING into CENTRAL.USUARIO
SET DEFINE OFF;
Insert into CENTRAL.USUARIO (RUT,NOMBRE,APELLIDOS,CARGO,CLAVE,ID_SUCURSAL,ID_PERFIL) values ('18731299','JAVIER','YAÑEZ','ADMINISTRADOR','123456','44','25');
Insert into CENTRAL.USUARIO (RUT,NOMBRE,APELLIDOS,CARGO,CLAVE,ID_SUCURSAL,ID_PERFIL) values ('11111111','SUPER','ADMINISTRADOR','SUPERADMIN','654321','44','24');
Insert into CENTRAL.USUARIO (RUT,NOMBRE,APELLIDOS,CARGO,CLAVE,ID_SUCURSAL,ID_PERFIL) values ('22222222','VENDEDOR','UNO','VENDEDOR','QWERTY','44','26');
Insert into CENTRAL.USUARIO (RUT,NOMBRE,APELLIDOS,CARGO,CLAVE,ID_SUCURSAL,ID_PERFIL) values ('333333','VENDEDOR','UNO','VENDEDOR','QWERTY','45','26');
REM INSERTING into CENTRAL.VENTA
SET DEFINE OFF;
Insert into CENTRAL.VENTA (ID_VENTA,ID_USUARIO,N_BOLETA,N_ORDEN,FECHA_INGRESO,ID_UCC,ID_TIPO_VENTA,TOTAL,OBSERVACION,ID_SUCURSAL,ESTADO) values ('149','18731299','777777',null,to_date('20/12/18','DD/MM/RR'),'61','25','1000',null,'44',null);
Insert into CENTRAL.VENTA (ID_VENTA,ID_USUARIO,N_BOLETA,N_ORDEN,FECHA_INGRESO,ID_UCC,ID_TIPO_VENTA,TOTAL,OBSERVACION,ID_SUCURSAL,ESTADO) values ('158','18731299','123',null,to_date('18/12/18','DD/MM/RR'),'61','25','1000',null,'44',null);
Insert into CENTRAL.VENTA (ID_VENTA,ID_USUARIO,N_BOLETA,N_ORDEN,FECHA_INGRESO,ID_UCC,ID_TIPO_VENTA,TOTAL,OBSERVACION,ID_SUCURSAL,ESTADO) values ('176','18731299','32',null,to_date('14/12/18','DD/MM/RR'),'61','25','1000',null,'44',null);
Insert into CENTRAL.VENTA (ID_VENTA,ID_USUARIO,N_BOLETA,N_ORDEN,FECHA_INGRESO,ID_UCC,ID_TIPO_VENTA,TOTAL,OBSERVACION,ID_SUCURSAL,ESTADO) values ('180','18731299','32',null,to_date('14/12/18','DD/MM/RR'),'61','25','1000',null,'44',null);
Insert into CENTRAL.VENTA (ID_VENTA,ID_USUARIO,N_BOLETA,N_ORDEN,FECHA_INGRESO,ID_UCC,ID_TIPO_VENTA,TOTAL,OBSERVACION,ID_SUCURSAL,ESTADO) values ('188','18731299','32',null,to_date('14/12/18','DD/MM/RR'),'61','25','1000',null,'44',null);
Insert into CENTRAL.VENTA (ID_VENTA,ID_USUARIO,N_BOLETA,N_ORDEN,FECHA_INGRESO,ID_UCC,ID_TIPO_VENTA,TOTAL,OBSERVACION,ID_SUCURSAL,ESTADO) values ('191','18731299','32',null,to_date('14/12/18','DD/MM/RR'),'61','25','1000',null,'44',null);
Insert into CENTRAL.VENTA (ID_VENTA,ID_USUARIO,N_BOLETA,N_ORDEN,FECHA_INGRESO,ID_UCC,ID_TIPO_VENTA,TOTAL,OBSERVACION,ID_SUCURSAL,ESTADO) values ('194','18731299','123',null,to_date('20/12/18','DD/MM/RR'),'61','27','1000',null,'44',null);
Insert into CENTRAL.VENTA (ID_VENTA,ID_USUARIO,N_BOLETA,N_ORDEN,FECHA_INGRESO,ID_UCC,ID_TIPO_VENTA,TOTAL,OBSERVACION,ID_SUCURSAL,ESTADO) values ('201','18731299','33',null,to_date('28/12/18','DD/MM/RR'),'61','25','52900',null,'44',null);
Insert into CENTRAL.VENTA (ID_VENTA,ID_USUARIO,N_BOLETA,N_ORDEN,FECHA_INGRESO,ID_UCC,ID_TIPO_VENTA,TOTAL,OBSERVACION,ID_SUCURSAL,ESTADO) values ('252','18731299','123',null,to_date('11/12/18','DD/MM/RR'),'61',null,'0',null,'44',null);
Insert into CENTRAL.VENTA (ID_VENTA,ID_USUARIO,N_BOLETA,N_ORDEN,FECHA_INGRESO,ID_UCC,ID_TIPO_VENTA,TOTAL,OBSERVACION,ID_SUCURSAL,ESTADO) values ('263','18731299','123',null,to_date('11/12/18','DD/MM/RR'),'61',null,'0',null,'44',null);
Insert into CENTRAL.VENTA (ID_VENTA,ID_USUARIO,N_BOLETA,N_ORDEN,FECHA_INGRESO,ID_UCC,ID_TIPO_VENTA,TOTAL,OBSERVACION,ID_SUCURSAL,ESTADO) values ('508','18731299','3',null,to_date('14/12/18','DD/MM/RR'),'61',null,'20',null,'44',null);
Insert into CENTRAL.VENTA (ID_VENTA,ID_USUARIO,N_BOLETA,N_ORDEN,FECHA_INGRESO,ID_UCC,ID_TIPO_VENTA,TOTAL,OBSERVACION,ID_SUCURSAL,ESTADO) values ('450','18731299',null,'7777',to_date('15/12/18','DD/MM/RR'),'102',null,'1000',null,'44','0');
Insert into CENTRAL.VENTA (ID_VENTA,ID_USUARIO,N_BOLETA,N_ORDEN,FECHA_INGRESO,ID_UCC,ID_TIPO_VENTA,TOTAL,OBSERVACION,ID_SUCURSAL,ESTADO) values ('451','18731299','500',null,to_date('12/12/18','DD/MM/RR'),'61',null,'1500',null,'44',null);
Insert into CENTRAL.VENTA (ID_VENTA,ID_USUARIO,N_BOLETA,N_ORDEN,FECHA_INGRESO,ID_UCC,ID_TIPO_VENTA,TOTAL,OBSERVACION,ID_SUCURSAL,ESTADO) values ('454','18731299',null,'600',to_date('12/12/18','DD/MM/RR'),'61',null,'1000',null,'44',null);
Insert into CENTRAL.VENTA (ID_VENTA,ID_USUARIO,N_BOLETA,N_ORDEN,FECHA_INGRESO,ID_UCC,ID_TIPO_VENTA,TOTAL,OBSERVACION,ID_SUCURSAL,ESTADO) values ('481','18731299',null,'543',to_date('12/12/18','DD/MM/RR'),'61',null,'880',null,'44',null);
Insert into CENTRAL.VENTA (ID_VENTA,ID_USUARIO,N_BOLETA,N_ORDEN,FECHA_INGRESO,ID_UCC,ID_TIPO_VENTA,TOTAL,OBSERVACION,ID_SUCURSAL,ESTADO) values ('504','18731299','1',null,to_date('14/12/18','DD/MM/RR'),'61',null,'100',null,'44',null);
Insert into CENTRAL.VENTA (ID_VENTA,ID_USUARIO,N_BOLETA,N_ORDEN,FECHA_INGRESO,ID_UCC,ID_TIPO_VENTA,TOTAL,OBSERVACION,ID_SUCURSAL,ESTADO) values ('140','18731299','44443',null,null,'61','28','1000',null,'44','0');
Insert into CENTRAL.VENTA (ID_VENTA,ID_USUARIO,N_BOLETA,N_ORDEN,FECHA_INGRESO,ID_UCC,ID_TIPO_VENTA,TOTAL,OBSERVACION,ID_SUCURSAL,ESTADO) values ('161','18731299','123',null,to_date('18/12/18','DD/MM/RR'),'61','25','1000',null,'44',null);
Insert into CENTRAL.VENTA (ID_VENTA,ID_USUARIO,N_BOLETA,N_ORDEN,FECHA_INGRESO,ID_UCC,ID_TIPO_VENTA,TOTAL,OBSERVACION,ID_SUCURSAL,ESTADO) values ('163','18731299','123',null,to_date('18/12/18','DD/MM/RR'),'61','25','1000',null,'44',null);
Insert into CENTRAL.VENTA (ID_VENTA,ID_USUARIO,N_BOLETA,N_ORDEN,FECHA_INGRESO,ID_UCC,ID_TIPO_VENTA,TOTAL,OBSERVACION,ID_SUCURSAL,ESTADO) values ('165','18731299','123',null,to_date('18/12/18','DD/MM/RR'),'61','25','1000',null,'44',null);
Insert into CENTRAL.VENTA (ID_VENTA,ID_USUARIO,N_BOLETA,N_ORDEN,FECHA_INGRESO,ID_UCC,ID_TIPO_VENTA,TOTAL,OBSERVACION,ID_SUCURSAL,ESTADO) values ('241','18731299','1234',null,to_date('11/12/18','DD/MM/RR'),'61',null,'8800',null,'44',null);
Insert into CENTRAL.VENTA (ID_VENTA,ID_USUARIO,N_BOLETA,N_ORDEN,FECHA_INGRESO,ID_UCC,ID_TIPO_VENTA,TOTAL,OBSERVACION,ID_SUCURSAL,ESTADO) values ('246','18731299','1',null,to_date('11/12/18','DD/MM/RR'),'61',null,'0',null,'44',null);
Insert into CENTRAL.VENTA (ID_VENTA,ID_USUARIO,N_BOLETA,N_ORDEN,FECHA_INGRESO,ID_UCC,ID_TIPO_VENTA,TOTAL,OBSERVACION,ID_SUCURSAL,ESTADO) values ('247','18731299','1',null,to_date('11/12/18','DD/MM/RR'),'61',null,'0',null,'44',null);
Insert into CENTRAL.VENTA (ID_VENTA,ID_USUARIO,N_BOLETA,N_ORDEN,FECHA_INGRESO,ID_UCC,ID_TIPO_VENTA,TOTAL,OBSERVACION,ID_SUCURSAL,ESTADO) values ('249','18731299','1',null,to_date('11/12/18','DD/MM/RR'),'61',null,'0',null,'44',null);
Insert into CENTRAL.VENTA (ID_VENTA,ID_USUARIO,N_BOLETA,N_ORDEN,FECHA_INGRESO,ID_UCC,ID_TIPO_VENTA,TOTAL,OBSERVACION,ID_SUCURSAL,ESTADO) values ('257','18731299','123',null,to_date('11/12/18','DD/MM/RR'),'61',null,'1000',null,'44',null);
Insert into CENTRAL.VENTA (ID_VENTA,ID_USUARIO,N_BOLETA,N_ORDEN,FECHA_INGRESO,ID_UCC,ID_TIPO_VENTA,TOTAL,OBSERVACION,ID_SUCURSAL,ESTADO) values ('265','18731299','123',null,to_date('11/12/18','DD/MM/RR'),'61',null,'0',null,'44',null);
Insert into CENTRAL.VENTA (ID_VENTA,ID_USUARIO,N_BOLETA,N_ORDEN,FECHA_INGRESO,ID_UCC,ID_TIPO_VENTA,TOTAL,OBSERVACION,ID_SUCURSAL,ESTADO) values ('267','18731299','123',null,to_date('11/12/18','DD/MM/RR'),'61',null,'1500',null,'44',null);
Insert into CENTRAL.VENTA (ID_VENTA,ID_USUARIO,N_BOLETA,N_ORDEN,FECHA_INGRESO,ID_UCC,ID_TIPO_VENTA,TOTAL,OBSERVACION,ID_SUCURSAL,ESTADO) values ('287','18731299','123',null,to_date('11/12/18','DD/MM/RR'),'61',null,'3150',null,'44',null);
Insert into CENTRAL.VENTA (ID_VENTA,ID_USUARIO,N_BOLETA,N_ORDEN,FECHA_INGRESO,ID_UCC,ID_TIPO_VENTA,TOTAL,OBSERVACION,ID_SUCURSAL,ESTADO) values ('289','18731299','123',null,to_date('11/12/18','DD/MM/RR'),'61',null,'3150',null,'44',null);
Insert into CENTRAL.VENTA (ID_VENTA,ID_USUARIO,N_BOLETA,N_ORDEN,FECHA_INGRESO,ID_UCC,ID_TIPO_VENTA,TOTAL,OBSERVACION,ID_SUCURSAL,ESTADO) values ('297','18731299','123',null,to_date('11/12/18','DD/MM/RR'),'61',null,'600',null,'44',null);
Insert into CENTRAL.VENTA (ID_VENTA,ID_USUARIO,N_BOLETA,N_ORDEN,FECHA_INGRESO,ID_UCC,ID_TIPO_VENTA,TOTAL,OBSERVACION,ID_SUCURSAL,ESTADO) values ('303','18731299','123',null,to_date('11/12/18','DD/MM/RR'),'61',null,'600',null,'44',null);
Insert into CENTRAL.VENTA (ID_VENTA,ID_USUARIO,N_BOLETA,N_ORDEN,FECHA_INGRESO,ID_UCC,ID_TIPO_VENTA,TOTAL,OBSERVACION,ID_SUCURSAL,ESTADO) values ('309','18731299','123',null,to_date('11/12/18','DD/MM/RR'),'61',null,'600',null,'44',null);
Insert into CENTRAL.VENTA (ID_VENTA,ID_USUARIO,N_BOLETA,N_ORDEN,FECHA_INGRESO,ID_UCC,ID_TIPO_VENTA,TOTAL,OBSERVACION,ID_SUCURSAL,ESTADO) values ('311','18731299','123',null,to_date('11/12/18','DD/MM/RR'),'61',null,'600',null,'44',null);
Insert into CENTRAL.VENTA (ID_VENTA,ID_USUARIO,N_BOLETA,N_ORDEN,FECHA_INGRESO,ID_UCC,ID_TIPO_VENTA,TOTAL,OBSERVACION,ID_SUCURSAL,ESTADO) values ('319','18731299','123',null,to_date('11/12/18','DD/MM/RR'),'61',null,'600',null,'44',null);
Insert into CENTRAL.VENTA (ID_VENTA,ID_USUARIO,N_BOLETA,N_ORDEN,FECHA_INGRESO,ID_UCC,ID_TIPO_VENTA,TOTAL,OBSERVACION,ID_SUCURSAL,ESTADO) values ('325','18731299','123',null,to_date('11/12/18','DD/MM/RR'),'61',null,'600',null,'44',null);
Insert into CENTRAL.VENTA (ID_VENTA,ID_USUARIO,N_BOLETA,N_ORDEN,FECHA_INGRESO,ID_UCC,ID_TIPO_VENTA,TOTAL,OBSERVACION,ID_SUCURSAL,ESTADO) values ('331','18731299','123',null,to_date('11/12/18','DD/MM/RR'),'61',null,'600',null,'44',null);
Insert into CENTRAL.VENTA (ID_VENTA,ID_USUARIO,N_BOLETA,N_ORDEN,FECHA_INGRESO,ID_UCC,ID_TIPO_VENTA,TOTAL,OBSERVACION,ID_SUCURSAL,ESTADO) values ('337','18731299','123',null,to_date('11/12/18','DD/MM/RR'),'61',null,'600',null,'44',null);
Insert into CENTRAL.VENTA (ID_VENTA,ID_USUARIO,N_BOLETA,N_ORDEN,FECHA_INGRESO,ID_UCC,ID_TIPO_VENTA,TOTAL,OBSERVACION,ID_SUCURSAL,ESTADO) values ('339','18731299','123',null,to_date('11/12/18','DD/MM/RR'),'61',null,'600',null,'44',null);
Insert into CENTRAL.VENTA (ID_VENTA,ID_USUARIO,N_BOLETA,N_ORDEN,FECHA_INGRESO,ID_UCC,ID_TIPO_VENTA,TOTAL,OBSERVACION,ID_SUCURSAL,ESTADO) values ('341','18731299','123',null,to_date('11/12/18','DD/MM/RR'),'61',null,'600',null,'44',null);
Insert into CENTRAL.VENTA (ID_VENTA,ID_USUARIO,N_BOLETA,N_ORDEN,FECHA_INGRESO,ID_UCC,ID_TIPO_VENTA,TOTAL,OBSERVACION,ID_SUCURSAL,ESTADO) values ('347','18731299','123',null,to_date('11/12/18','DD/MM/RR'),'61',null,'600',null,'44',null);
Insert into CENTRAL.VENTA (ID_VENTA,ID_USUARIO,N_BOLETA,N_ORDEN,FECHA_INGRESO,ID_UCC,ID_TIPO_VENTA,TOTAL,OBSERVACION,ID_SUCURSAL,ESTADO) values ('349','18731299','123',null,to_date('11/12/18','DD/MM/RR'),'61',null,'600',null,'44',null);
Insert into CENTRAL.VENTA (ID_VENTA,ID_USUARIO,N_BOLETA,N_ORDEN,FECHA_INGRESO,ID_UCC,ID_TIPO_VENTA,TOTAL,OBSERVACION,ID_SUCURSAL,ESTADO) values ('441','18731299','123',null,to_date('12/12/18','DD/MM/RR'),'61',null,'6600',null,'44',null);
Insert into CENTRAL.VENTA (ID_VENTA,ID_USUARIO,N_BOLETA,N_ORDEN,FECHA_INGRESO,ID_UCC,ID_TIPO_VENTA,TOTAL,OBSERVACION,ID_SUCURSAL,ESTADO) values ('453','18731299',null,'600',to_date('12/12/18','DD/MM/RR'),'61',null,'1000',null,'44','0');
Insert into CENTRAL.VENTA (ID_VENTA,ID_USUARIO,N_BOLETA,N_ORDEN,FECHA_INGRESO,ID_UCC,ID_TIPO_VENTA,TOTAL,OBSERVACION,ID_SUCURSAL,ESTADO) values ('501','18731299','665656',null,to_date('18/12/18','DD/MM/RR'),'61',null,'12000',null,'44',null);
Insert into CENTRAL.VENTA (ID_VENTA,ID_USUARIO,N_BOLETA,N_ORDEN,FECHA_INGRESO,ID_UCC,ID_TIPO_VENTA,TOTAL,OBSERVACION,ID_SUCURSAL,ESTADO) values ('136','18731299','123',null,null,'61','25','1000',null,'44','0');
Insert into CENTRAL.VENTA (ID_VENTA,ID_USUARIO,N_BOLETA,N_ORDEN,FECHA_INGRESO,ID_UCC,ID_TIPO_VENTA,TOTAL,OBSERVACION,ID_SUCURSAL,ESTADO) values ('185','18731299','32',null,to_date('14/12/18','DD/MM/RR'),'61','25','1000',null,'44',null);
Insert into CENTRAL.VENTA (ID_VENTA,ID_USUARIO,N_BOLETA,N_ORDEN,FECHA_INGRESO,ID_UCC,ID_TIPO_VENTA,TOTAL,OBSERVACION,ID_SUCURSAL,ESTADO) values ('224','18731299','3462',null,to_date('12/12/18','DD/MM/RR'),'61','26','151550',null,'44',null);
Insert into CENTRAL.VENTA (ID_VENTA,ID_USUARIO,N_BOLETA,N_ORDEN,FECHA_INGRESO,ID_UCC,ID_TIPO_VENTA,TOTAL,OBSERVACION,ID_SUCURSAL,ESTADO) values ('243','18731299','1234',null,to_date('11/12/18','DD/MM/RR'),'61',null,'8800',null,'44',null);
Insert into CENTRAL.VENTA (ID_VENTA,ID_USUARIO,N_BOLETA,N_ORDEN,FECHA_INGRESO,ID_UCC,ID_TIPO_VENTA,TOTAL,OBSERVACION,ID_SUCURSAL,ESTADO) values ('248','18731299','1',null,to_date('11/12/18','DD/MM/RR'),'61',null,'0',null,'44',null);
Insert into CENTRAL.VENTA (ID_VENTA,ID_USUARIO,N_BOLETA,N_ORDEN,FECHA_INGRESO,ID_UCC,ID_TIPO_VENTA,TOTAL,OBSERVACION,ID_SUCURSAL,ESTADO) values ('250','18731299','123',null,to_date('11/12/18','DD/MM/RR'),'61',null,'0',null,'44',null);
Insert into CENTRAL.VENTA (ID_VENTA,ID_USUARIO,N_BOLETA,N_ORDEN,FECHA_INGRESO,ID_UCC,ID_TIPO_VENTA,TOTAL,OBSERVACION,ID_SUCURSAL,ESTADO) values ('253','18731299','123',null,to_date('11/12/18','DD/MM/RR'),'61',null,'0',null,'44',null);
Insert into CENTRAL.VENTA (ID_VENTA,ID_USUARIO,N_BOLETA,N_ORDEN,FECHA_INGRESO,ID_UCC,ID_TIPO_VENTA,TOTAL,OBSERVACION,ID_SUCURSAL,ESTADO) values ('254','18731299','123',null,to_date('11/12/18','DD/MM/RR'),'61',null,'1000',null,'44',null);
Insert into CENTRAL.VENTA (ID_VENTA,ID_USUARIO,N_BOLETA,N_ORDEN,FECHA_INGRESO,ID_UCC,ID_TIPO_VENTA,TOTAL,OBSERVACION,ID_SUCURSAL,ESTADO) values ('260','18731299','123',null,to_date('11/12/18','DD/MM/RR'),'61',null,'700',null,'44',null);
Insert into CENTRAL.VENTA (ID_VENTA,ID_USUARIO,N_BOLETA,N_ORDEN,FECHA_INGRESO,ID_UCC,ID_TIPO_VENTA,TOTAL,OBSERVACION,ID_SUCURSAL,ESTADO) values ('262','18731299','123',null,to_date('11/12/18','DD/MM/RR'),'61',null,'0',null,'44',null);
Insert into CENTRAL.VENTA (ID_VENTA,ID_USUARIO,N_BOLETA,N_ORDEN,FECHA_INGRESO,ID_UCC,ID_TIPO_VENTA,TOTAL,OBSERVACION,ID_SUCURSAL,ESTADO) values ('281','18731299','123',null,to_date('11/12/18','DD/MM/RR'),'61',null,'4000',null,'44',null);
Insert into CENTRAL.VENTA (ID_VENTA,ID_USUARIO,N_BOLETA,N_ORDEN,FECHA_INGRESO,ID_UCC,ID_TIPO_VENTA,TOTAL,OBSERVACION,ID_SUCURSAL,ESTADO) values ('284','18731299','123',null,to_date('11/12/18','DD/MM/RR'),'61',null,'4000',null,'44',null);
Insert into CENTRAL.VENTA (ID_VENTA,ID_USUARIO,N_BOLETA,N_ORDEN,FECHA_INGRESO,ID_UCC,ID_TIPO_VENTA,TOTAL,OBSERVACION,ID_SUCURSAL,ESTADO) values ('291','18731299','123',null,to_date('11/12/18','DD/MM/RR'),'61',null,'3150',null,'44',null);
Insert into CENTRAL.VENTA (ID_VENTA,ID_USUARIO,N_BOLETA,N_ORDEN,FECHA_INGRESO,ID_UCC,ID_TIPO_VENTA,TOTAL,OBSERVACION,ID_SUCURSAL,ESTADO) values ('293','18731299','123',null,to_date('11/12/18','DD/MM/RR'),'61',null,'3150',null,'44',null);
Insert into CENTRAL.VENTA (ID_VENTA,ID_USUARIO,N_BOLETA,N_ORDEN,FECHA_INGRESO,ID_UCC,ID_TIPO_VENTA,TOTAL,OBSERVACION,ID_SUCURSAL,ESTADO) values ('295','18731299','123',null,to_date('11/12/18','DD/MM/RR'),'61',null,'3150',null,'44',null);
Insert into CENTRAL.VENTA (ID_VENTA,ID_USUARIO,N_BOLETA,N_ORDEN,FECHA_INGRESO,ID_UCC,ID_TIPO_VENTA,TOTAL,OBSERVACION,ID_SUCURSAL,ESTADO) values ('301','18731299','123',null,to_date('11/12/18','DD/MM/RR'),'61',null,'600',null,'44',null);
Insert into CENTRAL.VENTA (ID_VENTA,ID_USUARIO,N_BOLETA,N_ORDEN,FECHA_INGRESO,ID_UCC,ID_TIPO_VENTA,TOTAL,OBSERVACION,ID_SUCURSAL,ESTADO) values ('305','18731299','123',null,to_date('11/12/18','DD/MM/RR'),'61',null,'600',null,'44',null);
Insert into CENTRAL.VENTA (ID_VENTA,ID_USUARIO,N_BOLETA,N_ORDEN,FECHA_INGRESO,ID_UCC,ID_TIPO_VENTA,TOTAL,OBSERVACION,ID_SUCURSAL,ESTADO) values ('313','18731299','123',null,to_date('11/12/18','DD/MM/RR'),'61',null,'600',null,'44',null);
Insert into CENTRAL.VENTA (ID_VENTA,ID_USUARIO,N_BOLETA,N_ORDEN,FECHA_INGRESO,ID_UCC,ID_TIPO_VENTA,TOTAL,OBSERVACION,ID_SUCURSAL,ESTADO) values ('317','18731299','123',null,to_date('11/12/18','DD/MM/RR'),'61',null,'600',null,'44',null);
Insert into CENTRAL.VENTA (ID_VENTA,ID_USUARIO,N_BOLETA,N_ORDEN,FECHA_INGRESO,ID_UCC,ID_TIPO_VENTA,TOTAL,OBSERVACION,ID_SUCURSAL,ESTADO) values ('321','18731299','123',null,to_date('11/12/18','DD/MM/RR'),'61',null,'600',null,'44',null);
Insert into CENTRAL.VENTA (ID_VENTA,ID_USUARIO,N_BOLETA,N_ORDEN,FECHA_INGRESO,ID_UCC,ID_TIPO_VENTA,TOTAL,OBSERVACION,ID_SUCURSAL,ESTADO) values ('327','18731299','123',null,to_date('11/12/18','DD/MM/RR'),'61',null,'600',null,'44',null);
Insert into CENTRAL.VENTA (ID_VENTA,ID_USUARIO,N_BOLETA,N_ORDEN,FECHA_INGRESO,ID_UCC,ID_TIPO_VENTA,TOTAL,OBSERVACION,ID_SUCURSAL,ESTADO) values ('333','18731299','123',null,to_date('11/12/18','DD/MM/RR'),'61',null,'600',null,'44',null);
Insert into CENTRAL.VENTA (ID_VENTA,ID_USUARIO,N_BOLETA,N_ORDEN,FECHA_INGRESO,ID_UCC,ID_TIPO_VENTA,TOTAL,OBSERVACION,ID_SUCURSAL,ESTADO) values ('335','18731299','123',null,to_date('11/12/18','DD/MM/RR'),'61',null,'600',null,'44',null);
Insert into CENTRAL.VENTA (ID_VENTA,ID_USUARIO,N_BOLETA,N_ORDEN,FECHA_INGRESO,ID_UCC,ID_TIPO_VENTA,TOTAL,OBSERVACION,ID_SUCURSAL,ESTADO) values ('354','18731299','987',null,to_date('11/12/18','DD/MM/RR'),'61',null,'177760',null,'44',null);
Insert into CENTRAL.VENTA (ID_VENTA,ID_USUARIO,N_BOLETA,N_ORDEN,FECHA_INGRESO,ID_UCC,ID_TIPO_VENTA,TOTAL,OBSERVACION,ID_SUCURSAL,ESTADO) values ('385','18731299','4535467',null,to_date('07/12/18','DD/MM/RR'),'61',null,'8840',null,'44',null);
Insert into CENTRAL.VENTA (ID_VENTA,ID_USUARIO,N_BOLETA,N_ORDEN,FECHA_INGRESO,ID_UCC,ID_TIPO_VENTA,TOTAL,OBSERVACION,ID_SUCURSAL,ESTADO) values ('401',null,'7',null,to_date('11/12/18','DD/MM/RR'),'61',null,'0',null,null,null);
Insert into CENTRAL.VENTA (ID_VENTA,ID_USUARIO,N_BOLETA,N_ORDEN,FECHA_INGRESO,ID_UCC,ID_TIPO_VENTA,TOTAL,OBSERVACION,ID_SUCURSAL,ESTADO) values ('421','18731299','999',null,to_date('12/12/18','DD/MM/RR'),'61',null,'1300',null,'44',null);
Insert into CENTRAL.VENTA (ID_VENTA,ID_USUARIO,N_BOLETA,N_ORDEN,FECHA_INGRESO,ID_UCC,ID_TIPO_VENTA,TOTAL,OBSERVACION,ID_SUCURSAL,ESTADO) values ('449','18731299',null,'7777',to_date('15/12/18','DD/MM/RR'),'102',null,'4400',null,'44','0');
Insert into CENTRAL.VENTA (ID_VENTA,ID_USUARIO,N_BOLETA,N_ORDEN,FECHA_INGRESO,ID_UCC,ID_TIPO_VENTA,TOTAL,OBSERVACION,ID_SUCURSAL,ESTADO) values ('134','18731299','123',null,null,'61','25','1000',null,'44','0');
Insert into CENTRAL.VENTA (ID_VENTA,ID_USUARIO,N_BOLETA,N_ORDEN,FECHA_INGRESO,ID_UCC,ID_TIPO_VENTA,TOTAL,OBSERVACION,ID_SUCURSAL,ESTADO) values ('146','18731299','213',null,null,'61','25','1000',null,'44','0');
Insert into CENTRAL.VENTA (ID_VENTA,ID_USUARIO,N_BOLETA,N_ORDEN,FECHA_INGRESO,ID_UCC,ID_TIPO_VENTA,TOTAL,OBSERVACION,ID_SUCURSAL,ESTADO) values ('150','18731299','123',null,to_date('22/12/18','DD/MM/RR'),'61','25','1000',null,'44',null);
Insert into CENTRAL.VENTA (ID_VENTA,ID_USUARIO,N_BOLETA,N_ORDEN,FECHA_INGRESO,ID_UCC,ID_TIPO_VENTA,TOTAL,OBSERVACION,ID_SUCURSAL,ESTADO) values ('153','18731299','123',null,to_date('22/12/18','DD/MM/RR'),'61','25','1000',null,'44',null);
Insert into CENTRAL.VENTA (ID_VENTA,ID_USUARIO,N_BOLETA,N_ORDEN,FECHA_INGRESO,ID_UCC,ID_TIPO_VENTA,TOTAL,OBSERVACION,ID_SUCURSAL,ESTADO) values ('168','18731299','13',null,to_date('15/12/18','DD/MM/RR'),'61','25','1000',null,'44',null);
Insert into CENTRAL.VENTA (ID_VENTA,ID_USUARIO,N_BOLETA,N_ORDEN,FECHA_INGRESO,ID_UCC,ID_TIPO_VENTA,TOTAL,OBSERVACION,ID_SUCURSAL,ESTADO) values ('172','18731299','32',null,to_date('14/12/18','DD/MM/RR'),'61','25','1000',null,'44',null);
Insert into CENTRAL.VENTA (ID_VENTA,ID_USUARIO,N_BOLETA,N_ORDEN,FECHA_INGRESO,ID_UCC,ID_TIPO_VENTA,TOTAL,OBSERVACION,ID_SUCURSAL,ESTADO) values ('174','18731299','32',null,to_date('14/12/18','DD/MM/RR'),'61','25','1000',null,'44',null);
Insert into CENTRAL.VENTA (ID_VENTA,ID_USUARIO,N_BOLETA,N_ORDEN,FECHA_INGRESO,ID_UCC,ID_TIPO_VENTA,TOTAL,OBSERVACION,ID_SUCURSAL,ESTADO) values ('178','18731299','32',null,to_date('14/12/18','DD/MM/RR'),'61','25','1000',null,'44',null);
Insert into CENTRAL.VENTA (ID_VENTA,ID_USUARIO,N_BOLETA,N_ORDEN,FECHA_INGRESO,ID_UCC,ID_TIPO_VENTA,TOTAL,OBSERVACION,ID_SUCURSAL,ESTADO) values ('182','18731299','32',null,to_date('14/12/18','DD/MM/RR'),'61','25','1000',null,'44',null);
Insert into CENTRAL.VENTA (ID_VENTA,ID_USUARIO,N_BOLETA,N_ORDEN,FECHA_INGRESO,ID_UCC,ID_TIPO_VENTA,TOTAL,OBSERVACION,ID_SUCURSAL,ESTADO) values ('198','18731299','1235',null,to_date('21/12/18','DD/MM/RR'),'61','27','63000',null,'44',null);
Insert into CENTRAL.VENTA (ID_VENTA,ID_USUARIO,N_BOLETA,N_ORDEN,FECHA_INGRESO,ID_UCC,ID_TIPO_VENTA,TOTAL,OBSERVACION,ID_SUCURSAL,ESTADO) values ('221','18731299','555',null,to_date('07/12/18','DD/MM/RR'),'61','25','2660',null,'44',null);
Insert into CENTRAL.VENTA (ID_VENTA,ID_USUARIO,N_BOLETA,N_ORDEN,FECHA_INGRESO,ID_UCC,ID_TIPO_VENTA,TOTAL,OBSERVACION,ID_SUCURSAL,ESTADO) values ('245','18731299','1',null,to_date('11/12/18','DD/MM/RR'),'61',null,'0',null,'44',null);
Insert into CENTRAL.VENTA (ID_VENTA,ID_USUARIO,N_BOLETA,N_ORDEN,FECHA_INGRESO,ID_UCC,ID_TIPO_VENTA,TOTAL,OBSERVACION,ID_SUCURSAL,ESTADO) values ('299','18731299','123',null,to_date('11/12/18','DD/MM/RR'),'61',null,'600',null,'44',null);
Insert into CENTRAL.VENTA (ID_VENTA,ID_USUARIO,N_BOLETA,N_ORDEN,FECHA_INGRESO,ID_UCC,ID_TIPO_VENTA,TOTAL,OBSERVACION,ID_SUCURSAL,ESTADO) values ('307','18731299','123',null,to_date('11/12/18','DD/MM/RR'),'61',null,'600',null,'44',null);
Insert into CENTRAL.VENTA (ID_VENTA,ID_USUARIO,N_BOLETA,N_ORDEN,FECHA_INGRESO,ID_UCC,ID_TIPO_VENTA,TOTAL,OBSERVACION,ID_SUCURSAL,ESTADO) values ('315','18731299','123',null,to_date('11/12/18','DD/MM/RR'),'61',null,'600',null,'44',null);
Insert into CENTRAL.VENTA (ID_VENTA,ID_USUARIO,N_BOLETA,N_ORDEN,FECHA_INGRESO,ID_UCC,ID_TIPO_VENTA,TOTAL,OBSERVACION,ID_SUCURSAL,ESTADO) values ('323','18731299','123',null,to_date('11/12/18','DD/MM/RR'),'61',null,'600',null,'44',null);
Insert into CENTRAL.VENTA (ID_VENTA,ID_USUARIO,N_BOLETA,N_ORDEN,FECHA_INGRESO,ID_UCC,ID_TIPO_VENTA,TOTAL,OBSERVACION,ID_SUCURSAL,ESTADO) values ('329','18731299','123',null,to_date('11/12/18','DD/MM/RR'),'61',null,'600',null,'44',null);
Insert into CENTRAL.VENTA (ID_VENTA,ID_USUARIO,N_BOLETA,N_ORDEN,FECHA_INGRESO,ID_UCC,ID_TIPO_VENTA,TOTAL,OBSERVACION,ID_SUCURSAL,ESTADO) values ('343','18731299','123',null,to_date('11/12/18','DD/MM/RR'),'61',null,'600',null,'44',null);
Insert into CENTRAL.VENTA (ID_VENTA,ID_USUARIO,N_BOLETA,N_ORDEN,FECHA_INGRESO,ID_UCC,ID_TIPO_VENTA,TOTAL,OBSERVACION,ID_SUCURSAL,ESTADO) values ('351','18731299','1236',null,to_date('11/12/18','DD/MM/RR'),'61',null,'12780',null,'44',null);
Insert into CENTRAL.VENTA (ID_VENTA,ID_USUARIO,N_BOLETA,N_ORDEN,FECHA_INGRESO,ID_UCC,ID_TIPO_VENTA,TOTAL,OBSERVACION,ID_SUCURSAL,ESTADO) values ('443','18731299','123',null,to_date('12/12/18','DD/MM/RR'),'61',null,'6000',null,'44',null);
Insert into CENTRAL.VENTA (ID_VENTA,ID_USUARIO,N_BOLETA,N_ORDEN,FECHA_INGRESO,ID_UCC,ID_TIPO_VENTA,TOTAL,OBSERVACION,ID_SUCURSAL,ESTADO) values ('483','18731299',null,'555',to_date('12/12/18','DD/MM/RR'),'101',null,'3500',null,'44',null);
Insert into CENTRAL.VENTA (ID_VENTA,ID_USUARIO,N_BOLETA,N_ORDEN,FECHA_INGRESO,ID_UCC,ID_TIPO_VENTA,TOTAL,OBSERVACION,ID_SUCURSAL,ESTADO) values ('138','18731299','123',null,null,'61','25','1000',null,'44','0');
Insert into CENTRAL.VENTA (ID_VENTA,ID_USUARIO,N_BOLETA,N_ORDEN,FECHA_INGRESO,ID_UCC,ID_TIPO_VENTA,TOTAL,OBSERVACION,ID_SUCURSAL,ESTADO) values ('155','18731299','123',null,to_date('18/12/18','DD/MM/RR'),'61','25','1000',null,'44',null);
Insert into CENTRAL.VENTA (ID_VENTA,ID_USUARIO,N_BOLETA,N_ORDEN,FECHA_INGRESO,ID_UCC,ID_TIPO_VENTA,TOTAL,OBSERVACION,ID_SUCURSAL,ESTADO) values ('170','18731299','32',null,to_date('14/12/18','DD/MM/RR'),'61','25','1000',null,'44',null);
Insert into CENTRAL.VENTA (ID_VENTA,ID_USUARIO,N_BOLETA,N_ORDEN,FECHA_INGRESO,ID_UCC,ID_TIPO_VENTA,TOTAL,OBSERVACION,ID_SUCURSAL,ESTADO) values ('204','18731299','56325',null,to_date('12/12/18','DD/MM/RR'),'61','27','5000',null,'44',null);
Insert into CENTRAL.VENTA (ID_VENTA,ID_USUARIO,N_BOLETA,N_ORDEN,FECHA_INGRESO,ID_UCC,ID_TIPO_VENTA,TOTAL,OBSERVACION,ID_SUCURSAL,ESTADO) values ('251','18731299','123',null,to_date('11/12/18','DD/MM/RR'),'61',null,'0',null,'44',null);
Insert into CENTRAL.VENTA (ID_VENTA,ID_USUARIO,N_BOLETA,N_ORDEN,FECHA_INGRESO,ID_UCC,ID_TIPO_VENTA,TOTAL,OBSERVACION,ID_SUCURSAL,ESTADO) values ('345','18731299','123',null,to_date('11/12/18','DD/MM/RR'),'61',null,'600',null,'44',null);
Insert into CENTRAL.VENTA (ID_VENTA,ID_USUARIO,N_BOLETA,N_ORDEN,FECHA_INGRESO,ID_UCC,ID_TIPO_VENTA,TOTAL,OBSERVACION,ID_SUCURSAL,ESTADO) values ('383','18731299','4214',null,to_date('10/12/18','DD/MM/RR'),'61',null,'4000',null,'44',null);
Insert into CENTRAL.VENTA (ID_VENTA,ID_USUARIO,N_BOLETA,N_ORDEN,FECHA_INGRESO,ID_UCC,ID_TIPO_VENTA,TOTAL,OBSERVACION,ID_SUCURSAL,ESTADO) values ('521','18731299','23123',null,to_date('17/12/18','DD/MM/RR'),'61',null,'1350',null,'44',null);
Insert into CENTRAL.VENTA (ID_VENTA,ID_USUARIO,N_BOLETA,N_ORDEN,FECHA_INGRESO,ID_UCC,ID_TIPO_VENTA,TOTAL,OBSERVACION,ID_SUCURSAL,ESTADO) values ('506','18731299','2',null,to_date('14/12/18','DD/MM/RR'),'61',null,'160',null,'44',null);
Insert into CENTRAL.VENTA (ID_VENTA,ID_USUARIO,N_BOLETA,N_ORDEN,FECHA_INGRESO,ID_UCC,ID_TIPO_VENTA,TOTAL,OBSERVACION,ID_SUCURSAL,ESTADO) values ('510','18731299','1',null,to_date('14/12/18','DD/MM/RR'),'61',null,'200',null,'44',null);
Insert into CENTRAL.VENTA (ID_VENTA,ID_USUARIO,N_BOLETA,N_ORDEN,FECHA_INGRESO,ID_UCC,ID_TIPO_VENTA,TOTAL,OBSERVACION,ID_SUCURSAL,ESTADO) values ('523','18731299',null,'5135',to_date('18/12/18','DD/MM/RR'),'101',null,'14850',null,'44',null);
--------------------------------------------------------
--  DDL for Index COMPRA_PK
--------------------------------------------------------

  CREATE UNIQUE INDEX "CENTRAL"."COMPRA_PK" ON "CENTRAL"."COMPRA" ("ID_COMPRA") 
  PCTFREE 10 INITRANS 2 MAXTRANS 255 COMPUTE STATISTICS 
  STORAGE(INITIAL 65536 NEXT 1048576 MINEXTENTS 1 MAXEXTENTS 2147483645
  PCTINCREASE 0 FREELISTS 1 FREELIST GROUPS 1 BUFFER_POOL DEFAULT)
  TABLESPACE "USERS" ;
--------------------------------------------------------
--  DDL for Index BECA_PK
--------------------------------------------------------

  CREATE UNIQUE INDEX "CENTRAL"."BECA_PK" ON "CENTRAL"."BECA" ("ID_BECA") 
  PCTFREE 10 INITRANS 2 MAXTRANS 255 COMPUTE STATISTICS 
  STORAGE(INITIAL 65536 NEXT 1048576 MINEXTENTS 1 MAXEXTENTS 2147483645
  PCTINCREASE 0 FREELISTS 1 FREELIST GROUPS 1 BUFFER_POOL DEFAULT)
  TABLESPACE "USERS" ;
--------------------------------------------------------
--  DDL for Index PRODUCTO_PK
--------------------------------------------------------

  CREATE UNIQUE INDEX "CENTRAL"."PRODUCTO_PK" ON "CENTRAL"."PRODUCTO" ("ID_PRODUCTO") 
  PCTFREE 10 INITRANS 2 MAXTRANS 255 COMPUTE STATISTICS 
  STORAGE(INITIAL 65536 NEXT 1048576 MINEXTENTS 1 MAXEXTENTS 2147483645
  PCTINCREASE 0 FREELISTS 1 FREELIST GROUPS 1 BUFFER_POOL DEFAULT)
  TABLESPACE "USERS" ;
--------------------------------------------------------
--  DDL for Index INSUMO_PK
--------------------------------------------------------

  CREATE UNIQUE INDEX "CENTRAL"."INSUMO_PK" ON "CENTRAL"."INSUMO" ("ID_INSUMO") 
  PCTFREE 10 INITRANS 2 MAXTRANS 255 COMPUTE STATISTICS 
  STORAGE(INITIAL 65536 NEXT 1048576 MINEXTENTS 1 MAXEXTENTS 2147483645
  PCTINCREASE 0 FREELISTS 1 FREELIST GROUPS 1 BUFFER_POOL DEFAULT)
  TABLESPACE "USERS" ;
--------------------------------------------------------
--  DDL for Index TIPO_VENTA_PK
--------------------------------------------------------

  CREATE UNIQUE INDEX "CENTRAL"."TIPO_VENTA_PK" ON "CENTRAL"."TIPO_VENTA" ("ID_TIPO_VENTA") 
  PCTFREE 10 INITRANS 2 MAXTRANS 255 COMPUTE STATISTICS 
  STORAGE(INITIAL 65536 NEXT 1048576 MINEXTENTS 1 MAXEXTENTS 2147483645
  PCTINCREASE 0 FREELISTS 1 FREELIST GROUPS 1 BUFFER_POOL DEFAULT)
  TABLESPACE "USERS" ;
--------------------------------------------------------
--  DDL for Index ITEMS_COMPRA_PK
--------------------------------------------------------

  CREATE UNIQUE INDEX "CENTRAL"."ITEMS_COMPRA_PK" ON "CENTRAL"."ITEMS_COMPRA" ("ID_ITEMS_COMPRA") 
  PCTFREE 10 INITRANS 2 MAXTRANS 255 COMPUTE STATISTICS 
  STORAGE(INITIAL 65536 NEXT 1048576 MINEXTENTS 1 MAXEXTENTS 2147483645
  PCTINCREASE 0 FREELISTS 1 FREELIST GROUPS 1 BUFFER_POOL DEFAULT)
  TABLESPACE "USERS" ;
--------------------------------------------------------
--  DDL for Index VENTA_PK
--------------------------------------------------------

  CREATE UNIQUE INDEX "CENTRAL"."VENTA_PK" ON "CENTRAL"."VENTA" ("ID_VENTA") 
  PCTFREE 10 INITRANS 2 MAXTRANS 255 COMPUTE STATISTICS 
  STORAGE(INITIAL 65536 NEXT 1048576 MINEXTENTS 1 MAXEXTENTS 2147483645
  PCTINCREASE 0 FREELISTS 1 FREELIST GROUPS 1 BUFFER_POOL DEFAULT)
  TABLESPACE "USERS" ;
--------------------------------------------------------
--  DDL for Index PERFIL_PK
--------------------------------------------------------

  CREATE UNIQUE INDEX "CENTRAL"."PERFIL_PK" ON "CENTRAL"."PERFIL" ("ID_PERFIL") 
  PCTFREE 10 INITRANS 2 MAXTRANS 255 COMPUTE STATISTICS 
  STORAGE(INITIAL 65536 NEXT 1048576 MINEXTENTS 1 MAXEXTENTS 2147483645
  PCTINCREASE 0 FREELISTS 1 FREELIST GROUPS 1 BUFFER_POOL DEFAULT)
  TABLESPACE "USERS" ;
--------------------------------------------------------
--  DDL for Index ITEMS_VENTA_PK
--------------------------------------------------------

  CREATE UNIQUE INDEX "CENTRAL"."ITEMS_VENTA_PK" ON "CENTRAL"."ITEMS_VENTA" ("ID_ITEMS_VENTA") 
  PCTFREE 10 INITRANS 2 MAXTRANS 255 COMPUTE STATISTICS 
  STORAGE(INITIAL 65536 NEXT 1048576 MINEXTENTS 1 MAXEXTENTS 2147483645
  PCTINCREASE 0 FREELISTS 1 FREELIST GROUPS 1 BUFFER_POOL DEFAULT)
  TABLESPACE "USERS" ;
--------------------------------------------------------
--  DDL for Index PROVEEDOR_PK
--------------------------------------------------------

  CREATE UNIQUE INDEX "CENTRAL"."PROVEEDOR_PK" ON "CENTRAL"."PROVEEDOR" ("RUT_PROVEEDOR") 
  PCTFREE 10 INITRANS 2 MAXTRANS 255 COMPUTE STATISTICS 
  STORAGE(INITIAL 65536 NEXT 1048576 MINEXTENTS 1 MAXEXTENTS 2147483645
  PCTINCREASE 0 FREELISTS 1 FREELIST GROUPS 1 BUFFER_POOL DEFAULT)
  TABLESPACE "USERS" ;
--------------------------------------------------------
--  DDL for Index UCC_PK
--------------------------------------------------------

  CREATE UNIQUE INDEX "CENTRAL"."UCC_PK" ON "CENTRAL"."UCC" ("ID_UCC") 
  PCTFREE 10 INITRANS 2 MAXTRANS 255 COMPUTE STATISTICS 
  STORAGE(INITIAL 65536 NEXT 1048576 MINEXTENTS 1 MAXEXTENTS 2147483645
  PCTINCREASE 0 FREELISTS 1 FREELIST GROUPS 1 BUFFER_POOL DEFAULT)
  TABLESPACE "USERS" ;
--------------------------------------------------------
--  DDL for Index SUCURSAL_PK
--------------------------------------------------------

  CREATE UNIQUE INDEX "CENTRAL"."SUCURSAL_PK" ON "CENTRAL"."SUCURSAL" ("ID_SUCURSAL") 
  PCTFREE 10 INITRANS 2 MAXTRANS 255 COMPUTE STATISTICS 
  STORAGE(INITIAL 65536 NEXT 1048576 MINEXTENTS 1 MAXEXTENTS 2147483645
  PCTINCREASE 0 FREELISTS 1 FREELIST GROUPS 1 BUFFER_POOL DEFAULT)
  TABLESPACE "USERS" ;
--------------------------------------------------------
--  Constraints for Table ITEMS_VENTA
--------------------------------------------------------

  ALTER TABLE "CENTRAL"."ITEMS_VENTA" ADD CONSTRAINT "ITEMS_VENTA_PK" PRIMARY KEY ("ID_ITEMS_VENTA")
  USING INDEX PCTFREE 10 INITRANS 2 MAXTRANS 255 COMPUTE STATISTICS 
  STORAGE(INITIAL 65536 NEXT 1048576 MINEXTENTS 1 MAXEXTENTS 2147483645
  PCTINCREASE 0 FREELISTS 1 FREELIST GROUPS 1 BUFFER_POOL DEFAULT)
  TABLESPACE "USERS"  ENABLE;
--------------------------------------------------------
--  Constraints for Table TIPO_VENTA
--------------------------------------------------------

  ALTER TABLE "CENTRAL"."TIPO_VENTA" ADD CONSTRAINT "TIPO_VENTA_PK" PRIMARY KEY ("ID_TIPO_VENTA")
  USING INDEX PCTFREE 10 INITRANS 2 MAXTRANS 255 COMPUTE STATISTICS 
  STORAGE(INITIAL 65536 NEXT 1048576 MINEXTENTS 1 MAXEXTENTS 2147483645
  PCTINCREASE 0 FREELISTS 1 FREELIST GROUPS 1 BUFFER_POOL DEFAULT)
  TABLESPACE "USERS"  ENABLE;
--------------------------------------------------------
--  Constraints for Table PRODUCTO
--------------------------------------------------------

  ALTER TABLE "CENTRAL"."PRODUCTO" ADD CONSTRAINT "PRODUCTO_PK" PRIMARY KEY ("ID_PRODUCTO")
  USING INDEX PCTFREE 10 INITRANS 2 MAXTRANS 255 COMPUTE STATISTICS 
  STORAGE(INITIAL 65536 NEXT 1048576 MINEXTENTS 1 MAXEXTENTS 2147483645
  PCTINCREASE 0 FREELISTS 1 FREELIST GROUPS 1 BUFFER_POOL DEFAULT)
  TABLESPACE "USERS"  ENABLE;
--------------------------------------------------------
--  Constraints for Table SUCURSAL
--------------------------------------------------------

  ALTER TABLE "CENTRAL"."SUCURSAL" ADD CONSTRAINT "SUCURSAL_PK" PRIMARY KEY ("ID_SUCURSAL")
  USING INDEX PCTFREE 10 INITRANS 2 MAXTRANS 255 COMPUTE STATISTICS 
  STORAGE(INITIAL 65536 NEXT 1048576 MINEXTENTS 1 MAXEXTENTS 2147483645
  PCTINCREASE 0 FREELISTS 1 FREELIST GROUPS 1 BUFFER_POOL DEFAULT)
  TABLESPACE "USERS"  ENABLE;
--------------------------------------------------------
--  Constraints for Table INSUMO
--------------------------------------------------------

  ALTER TABLE "CENTRAL"."INSUMO" ADD CONSTRAINT "INSUMO_PK" PRIMARY KEY ("ID_INSUMO")
  USING INDEX PCTFREE 10 INITRANS 2 MAXTRANS 255 COMPUTE STATISTICS 
  STORAGE(INITIAL 65536 NEXT 1048576 MINEXTENTS 1 MAXEXTENTS 2147483645
  PCTINCREASE 0 FREELISTS 1 FREELIST GROUPS 1 BUFFER_POOL DEFAULT)
  TABLESPACE "USERS"  ENABLE;
--------------------------------------------------------
--  Constraints for Table PERFIL
--------------------------------------------------------

  ALTER TABLE "CENTRAL"."PERFIL" ADD CONSTRAINT "PERFIL_PK" PRIMARY KEY ("ID_PERFIL")
  USING INDEX PCTFREE 10 INITRANS 2 MAXTRANS 255 COMPUTE STATISTICS 
  STORAGE(INITIAL 65536 NEXT 1048576 MINEXTENTS 1 MAXEXTENTS 2147483645
  PCTINCREASE 0 FREELISTS 1 FREELIST GROUPS 1 BUFFER_POOL DEFAULT)
  TABLESPACE "USERS"  ENABLE;
--------------------------------------------------------
--  Constraints for Table VENTA
--------------------------------------------------------

  ALTER TABLE "CENTRAL"."VENTA" ADD CONSTRAINT "VENTA_PK" PRIMARY KEY ("ID_VENTA")
  USING INDEX PCTFREE 10 INITRANS 2 MAXTRANS 255 COMPUTE STATISTICS 
  STORAGE(INITIAL 65536 NEXT 1048576 MINEXTENTS 1 MAXEXTENTS 2147483645
  PCTINCREASE 0 FREELISTS 1 FREELIST GROUPS 1 BUFFER_POOL DEFAULT)
  TABLESPACE "USERS"  ENABLE;
--------------------------------------------------------
--  Constraints for Table PROVEEDOR
--------------------------------------------------------

  ALTER TABLE "CENTRAL"."PROVEEDOR" ADD CONSTRAINT "PROVEEDOR_PK" PRIMARY KEY ("RUT_PROVEEDOR")
  USING INDEX PCTFREE 10 INITRANS 2 MAXTRANS 255 COMPUTE STATISTICS 
  STORAGE(INITIAL 65536 NEXT 1048576 MINEXTENTS 1 MAXEXTENTS 2147483645
  PCTINCREASE 0 FREELISTS 1 FREELIST GROUPS 1 BUFFER_POOL DEFAULT)
  TABLESPACE "USERS"  ENABLE;
--------------------------------------------------------
--  Constraints for Table UCC
--------------------------------------------------------

  ALTER TABLE "CENTRAL"."UCC" MODIFY ("NUMERO_UCC" NOT NULL ENABLE);
 
  ALTER TABLE "CENTRAL"."UCC" ADD UNIQUE ("NUMERO_UCC")
  USING INDEX PCTFREE 10 INITRANS 2 MAXTRANS 255 COMPUTE STATISTICS 
  STORAGE(INITIAL 65536 NEXT 1048576 MINEXTENTS 1 MAXEXTENTS 2147483645
  PCTINCREASE 0 FREELISTS 1 FREELIST GROUPS 1 BUFFER_POOL DEFAULT)
  TABLESPACE "USERS"  ENABLE;
 
  ALTER TABLE "CENTRAL"."UCC" ADD CONSTRAINT "UCC_PK" PRIMARY KEY ("ID_UCC")
  USING INDEX PCTFREE 10 INITRANS 2 MAXTRANS 255 COMPUTE STATISTICS 
  STORAGE(INITIAL 65536 NEXT 1048576 MINEXTENTS 1 MAXEXTENTS 2147483645
  PCTINCREASE 0 FREELISTS 1 FREELIST GROUPS 1 BUFFER_POOL DEFAULT)
  TABLESPACE "USERS"  ENABLE;
--------------------------------------------------------
--  Constraints for Table ITEMS_COMPRA
--------------------------------------------------------

  ALTER TABLE "CENTRAL"."ITEMS_COMPRA" ADD CONSTRAINT "ITEMS_COMPRA_PK" PRIMARY KEY ("ID_ITEMS_COMPRA")
  USING INDEX PCTFREE 10 INITRANS 2 MAXTRANS 255 COMPUTE STATISTICS 
  STORAGE(INITIAL 65536 NEXT 1048576 MINEXTENTS 1 MAXEXTENTS 2147483645
  PCTINCREASE 0 FREELISTS 1 FREELIST GROUPS 1 BUFFER_POOL DEFAULT)
  TABLESPACE "USERS"  ENABLE;
--------------------------------------------------------
--  Constraints for Table COMPRA
--------------------------------------------------------

  ALTER TABLE "CENTRAL"."COMPRA" ADD CONSTRAINT "COMPRA_PK" PRIMARY KEY ("ID_COMPRA")
  USING INDEX PCTFREE 10 INITRANS 2 MAXTRANS 255 COMPUTE STATISTICS 
  STORAGE(INITIAL 65536 NEXT 1048576 MINEXTENTS 1 MAXEXTENTS 2147483645
  PCTINCREASE 0 FREELISTS 1 FREELIST GROUPS 1 BUFFER_POOL DEFAULT)
  TABLESPACE "USERS"  ENABLE;
--------------------------------------------------------
--  Constraints for Table BECA
--------------------------------------------------------

  ALTER TABLE "CENTRAL"."BECA" ADD CONSTRAINT "BECA_PK" PRIMARY KEY ("ID_BECA")
  USING INDEX PCTFREE 10 INITRANS 2 MAXTRANS 255 COMPUTE STATISTICS 
  STORAGE(INITIAL 65536 NEXT 1048576 MINEXTENTS 1 MAXEXTENTS 2147483645
  PCTINCREASE 0 FREELISTS 1 FREELIST GROUPS 1 BUFFER_POOL DEFAULT)
  TABLESPACE "USERS"  ENABLE;
 
  ALTER TABLE "CENTRAL"."BECA" MODIFY ("ID_BECA" NOT NULL ENABLE);
--------------------------------------------------------
--  Constraints for Table USUARIO
--------------------------------------------------------

  ALTER TABLE "CENTRAL"."USUARIO" ADD PRIMARY KEY ("RUT")
  USING INDEX PCTFREE 10 INITRANS 2 MAXTRANS 255 COMPUTE STATISTICS 
  STORAGE(INITIAL 65536 NEXT 1048576 MINEXTENTS 1 MAXEXTENTS 2147483645
  PCTINCREASE 0 FREELISTS 1 FREELIST GROUPS 1 BUFFER_POOL DEFAULT)
  TABLESPACE "USERS"  ENABLE;
--------------------------------------------------------
--  Ref Constraints for Table BECA
--------------------------------------------------------

  ALTER TABLE "CENTRAL"."BECA" ADD CONSTRAINT "FK_SUCURSAL_2" FOREIGN KEY ("ID_SUCURSAL")
	  REFERENCES "CENTRAL"."SUCURSAL" ("ID_SUCURSAL") ENABLE;
 
  ALTER TABLE "CENTRAL"."BECA" ADD CONSTRAINT "FK_USUARIO_2" FOREIGN KEY ("ID_USUARIO")
	  REFERENCES "CENTRAL"."USUARIO" ("RUT") ENABLE;
--------------------------------------------------------
--  Ref Constraints for Table COMPRA
--------------------------------------------------------

  ALTER TABLE "CENTRAL"."COMPRA" ADD CONSTRAINT "FK_SUCURSAL_C" FOREIGN KEY ("ID_SUCURSAL")
	  REFERENCES "CENTRAL"."SUCURSAL" ("ID_SUCURSAL") ENABLE;
 
  ALTER TABLE "CENTRAL"."COMPRA" ADD CONSTRAINT "FK_UCC_C" FOREIGN KEY ("ID_UCC")
	  REFERENCES "CENTRAL"."UCC" ("ID_UCC") ENABLE;
 
  ALTER TABLE "CENTRAL"."COMPRA" ADD CONSTRAINT "FK_USUARIO_C" FOREIGN KEY ("ID_USUARIO")
	  REFERENCES "CENTRAL"."USUARIO" ("RUT") ENABLE;
--------------------------------------------------------
--  Ref Constraints for Table INSUMO
--------------------------------------------------------

  ALTER TABLE "CENTRAL"."INSUMO" ADD CONSTRAINT "FK_PROVEEDOR" FOREIGN KEY ("ID_PROVEEDOR")
	  REFERENCES "CENTRAL"."PROVEEDOR" ("RUT_PROVEEDOR") ENABLE;
 
  ALTER TABLE "CENTRAL"."INSUMO" ADD CONSTRAINT "FK_SUCURSAL_I" FOREIGN KEY ("ID_SUCURSAL")
	  REFERENCES "CENTRAL"."SUCURSAL" ("ID_SUCURSAL") ENABLE;
--------------------------------------------------------
--  Ref Constraints for Table ITEMS_COMPRA
--------------------------------------------------------

  ALTER TABLE "CENTRAL"."ITEMS_COMPRA" ADD CONSTRAINT "FK_COMPRA" FOREIGN KEY ("ID_COMPRA")
	  REFERENCES "CENTRAL"."COMPRA" ("ID_COMPRA") ENABLE;
 
  ALTER TABLE "CENTRAL"."ITEMS_COMPRA" ADD CONSTRAINT "FK_INSUMO" FOREIGN KEY ("ID_INSUMO")
	  REFERENCES "CENTRAL"."INSUMO" ("ID_INSUMO") ENABLE;
--------------------------------------------------------
--  Ref Constraints for Table ITEMS_VENTA
--------------------------------------------------------

  ALTER TABLE "CENTRAL"."ITEMS_VENTA" ADD CONSTRAINT "FK_PRODUCTO" FOREIGN KEY ("ID_PRODUCTO")
	  REFERENCES "CENTRAL"."PRODUCTO" ("ID_PRODUCTO") ENABLE;
 
  ALTER TABLE "CENTRAL"."ITEMS_VENTA" ADD CONSTRAINT "FK_VENTA" FOREIGN KEY ("ID_VENTA")
	  REFERENCES "CENTRAL"."VENTA" ("ID_VENTA") ENABLE;
--------------------------------------------------------
--  Ref Constraints for Table PRODUCTO
--------------------------------------------------------

  ALTER TABLE "CENTRAL"."PRODUCTO" ADD CONSTRAINT "FK_INSUMO_P" FOREIGN KEY ("ID_INSUMO")
	  REFERENCES "CENTRAL"."INSUMO" ("ID_INSUMO") ENABLE;
 
  ALTER TABLE "CENTRAL"."PRODUCTO" ADD CONSTRAINT "FK_SUCURSAL_P" FOREIGN KEY ("ID_SUCURSAL")
	  REFERENCES "CENTRAL"."SUCURSAL" ("ID_SUCURSAL") ENABLE;
--------------------------------------------------------
--  Ref Constraints for Table USUARIO
--------------------------------------------------------

  ALTER TABLE "CENTRAL"."USUARIO" ADD CONSTRAINT "FK_PERFIL" FOREIGN KEY ("ID_PERFIL")
	  REFERENCES "CENTRAL"."PERFIL" ("ID_PERFIL") ENABLE;
 
  ALTER TABLE "CENTRAL"."USUARIO" ADD CONSTRAINT "FK_SUCURSAL_U" FOREIGN KEY ("ID_SUCURSAL")
	  REFERENCES "CENTRAL"."SUCURSAL" ("ID_SUCURSAL") ENABLE;
--------------------------------------------------------
--  Ref Constraints for Table VENTA
--------------------------------------------------------

  ALTER TABLE "CENTRAL"."VENTA" ADD CONSTRAINT "FK_SUCURSAL" FOREIGN KEY ("ID_SUCURSAL")
	  REFERENCES "CENTRAL"."SUCURSAL" ("ID_SUCURSAL") ENABLE;
 
  ALTER TABLE "CENTRAL"."VENTA" ADD CONSTRAINT "FK_TIPO_VENTA" FOREIGN KEY ("ID_TIPO_VENTA")
	  REFERENCES "CENTRAL"."TIPO_VENTA" ("ID_TIPO_VENTA") ENABLE;
 
  ALTER TABLE "CENTRAL"."VENTA" ADD CONSTRAINT "FK_UCC" FOREIGN KEY ("ID_UCC")
	  REFERENCES "CENTRAL"."UCC" ("ID_UCC") ENABLE;
 
  ALTER TABLE "CENTRAL"."VENTA" ADD CONSTRAINT "FK_USUARIO" FOREIGN KEY ("ID_USUARIO")
	  REFERENCES "CENTRAL"."USUARIO" ("RUT") ENABLE;
