--------------------------------------------------------
-- Archivo creado  - viernes-diciembre-28-2018   
--------------------------------------------------------
--------------------------------------------------------
--  DDL for Sequence BECA_SEQ
--------------------------------------------------------

   CREATE SEQUENCE  "CENTRAL"."BECA_SEQ"  MINVALUE 1 MAXVALUE 999999999999999999999999999 INCREMENT BY 1 START WITH 121 CACHE 20 NOORDER  NOCYCLE ;
--------------------------------------------------------
--  DDL for Sequence COMPRA_SEQ
--------------------------------------------------------

   CREATE SEQUENCE  "CENTRAL"."COMPRA_SEQ"  MINVALUE 1 MAXVALUE 999999999999999999999999999 INCREMENT BY 1 START WITH 161 CACHE 20 NOORDER  NOCYCLE ;
--------------------------------------------------------
--  DDL for Sequence INSUMO_SEQ
--------------------------------------------------------

   CREATE SEQUENCE  "CENTRAL"."INSUMO_SEQ"  MINVALUE 1 MAXVALUE 999999999999999999999999999 INCREMENT BY 1 START WITH 181 CACHE 20 NOORDER  NOCYCLE ;
--------------------------------------------------------
--  DDL for Sequence ITEMS_COMPRA_SEQ
--------------------------------------------------------

   CREATE SEQUENCE  "CENTRAL"."ITEMS_COMPRA_SEQ"  MINVALUE 1 MAXVALUE 999999999999999999999999999 INCREMENT BY 1 START WITH 1 CACHE 20 NOORDER  NOCYCLE ;
--------------------------------------------------------
--  DDL for Sequence ITEMS_VENTA_SEQ
--------------------------------------------------------

   CREATE SEQUENCE  "CENTRAL"."ITEMS_VENTA_SEQ"  MINVALUE 1 MAXVALUE 999999999999999999999999999 INCREMENT BY 1 START WITH 1 CACHE 20 NOORDER  NOCYCLE ;
--------------------------------------------------------
--  DDL for Sequence PERFIL_SEQ
--------------------------------------------------------

   CREATE SEQUENCE  "CENTRAL"."PERFIL_SEQ"  MINVALUE 1 MAXVALUE 999999999999999999999999999 INCREMENT BY 1 START WITH 41 CACHE 20 NOORDER  NOCYCLE ;
--------------------------------------------------------
--  DDL for Sequence PRODUCTO_SEQ
--------------------------------------------------------

   CREATE SEQUENCE  "CENTRAL"."PRODUCTO_SEQ"  MINVALUE 1 MAXVALUE 999999999999999999999999999 INCREMENT BY 1 START WITH 41 CACHE 20 NOORDER  NOCYCLE ;
--------------------------------------------------------
--  DDL for Sequence SUCURSAL_SEQ
--------------------------------------------------------

   CREATE SEQUENCE  "CENTRAL"."SUCURSAL_SEQ"  MINVALUE 1 MAXVALUE 999999999999999999999999999 INCREMENT BY 1 START WITH 81 CACHE 20 NOORDER  NOCYCLE ;
--------------------------------------------------------
--  DDL for Sequence TIPO_VENTA_SEQ
--------------------------------------------------------

   CREATE SEQUENCE  "CENTRAL"."TIPO_VENTA_SEQ"  MINVALUE 1 MAXVALUE 999999999999999999999999999 INCREMENT BY 1 START WITH 41 CACHE 20 NOORDER  NOCYCLE ;
--------------------------------------------------------
--  DDL for Sequence UCC_SEQ
--------------------------------------------------------

   CREATE SEQUENCE  "CENTRAL"."UCC_SEQ"  MINVALUE 1 MAXVALUE 999999999999999999999999999 INCREMENT BY 1 START WITH 161 CACHE 20 NOORDER  NOCYCLE ;
--------------------------------------------------------
--  DDL for Sequence VENTA_SEQ
--------------------------------------------------------

   CREATE SEQUENCE  "CENTRAL"."VENTA_SEQ"  MINVALUE 1 MAXVALUE 999999999999999999999999999 INCREMENT BY 1 START WITH 661 CACHE 20 NOORDER  NOCYCLE ;
--------------------------------------------------------
--  DDL for Table BECA
--------------------------------------------------------

  CREATE TABLE "CENTRAL"."BECA" 
   (	"ID_BECA" NUMBER(10,0), 
	"CANTIDAD" NUMBER(10,0), 
	"ID_USUARIO" NUMBER(10,0), 
	"ID_SUCURSAL" NUMBER(10,0), 
	"N_BECA" NUMBER(10,0), 
	"FECHA_INGRESO" DATE, 
	"ESTADO" NUMBER(1,0)
   ) PCTFREE 10 PCTUSED 40 INITRANS 1 MAXTRANS 255 NOCOMPRESS LOGGING
  STORAGE(INITIAL 65536 NEXT 1048576 MINEXTENTS 1 MAXEXTENTS 2147483645
  PCTINCREASE 0 FREELISTS 1 FREELIST GROUPS 1 BUFFER_POOL DEFAULT)
  TABLESPACE "USERS" ;
--------------------------------------------------------
--  DDL for Table COMPRA
--------------------------------------------------------

  CREATE TABLE "CENTRAL"."COMPRA" 
   (	"ID_COMPRA" NUMBER(10,0), 
	"ID_USUARIO" NUMBER(10,0), 
	"N_FACTURA" NUMBER(10,0), 
	"FECHA_INGRESO" DATE, 
	"ID_UCC" NUMBER(10,0), 
	"SUBTOTAL" NUMBER(10,0), 
	"IVA" NUMBER(10,0), 
	"TOTAL" NUMBER(10,0), 
	"RUT_PROVEEDOR" NUMBER(10,0), 
	"ID_SUCURSAL" NUMBER(10,0), 
	"ESTADO" NUMBER(1,0)
   ) PCTFREE 10 PCTUSED 40 INITRANS 1 MAXTRANS 255 NOCOMPRESS LOGGING
  STORAGE(INITIAL 65536 NEXT 1048576 MINEXTENTS 1 MAXEXTENTS 2147483645
  PCTINCREASE 0 FREELISTS 1 FREELIST GROUPS 1 BUFFER_POOL DEFAULT)
  TABLESPACE "USERS" ;
--------------------------------------------------------
--  DDL for Table INSUMO
--------------------------------------------------------

  CREATE TABLE "CENTRAL"."INSUMO" 
   (	"ID_INSUMO" NUMBER(10,0), 
	"NOMBRE_I" VARCHAR2(20 BYTE), 
	"PRECIO_C" NUMBER(10,0), 
	"MARCA" VARCHAR2(20 BYTE), 
	"STOCK" NUMBER(10,0), 
	"RUT_PROVEEDOR" NUMBER(10,0), 
	"ID_SUCURSAL" NUMBER(10,0)
   ) PCTFREE 10 PCTUSED 40 INITRANS 1 MAXTRANS 255 NOCOMPRESS LOGGING
  STORAGE(INITIAL 65536 NEXT 1048576 MINEXTENTS 1 MAXEXTENTS 2147483645
  PCTINCREASE 0 FREELISTS 1 FREELIST GROUPS 1 BUFFER_POOL DEFAULT)
  TABLESPACE "USERS" ;
--------------------------------------------------------
--  DDL for Table ITEMS_COMPRA
--------------------------------------------------------

  CREATE TABLE "CENTRAL"."ITEMS_COMPRA" 
   (	"ID_ITEMS_COMPRA" NUMBER(10,0), 
	"ID_COMPRA" NUMBER(10,0), 
	"ID_INSUMO" NUMBER(10,0), 
	"CANTIDAD" NUMBER(10,0)
   ) PCTFREE 10 PCTUSED 40 INITRANS 1 MAXTRANS 255 NOCOMPRESS LOGGING
  STORAGE(INITIAL 65536 NEXT 1048576 MINEXTENTS 1 MAXEXTENTS 2147483645
  PCTINCREASE 0 FREELISTS 1 FREELIST GROUPS 1 BUFFER_POOL DEFAULT)
  TABLESPACE "USERS" ;
--------------------------------------------------------
--  DDL for Table ITEMS_VENTA
--------------------------------------------------------

  CREATE TABLE "CENTRAL"."ITEMS_VENTA" 
   (	"ID_ITEMS_VENTA" NUMBER(10,0), 
	"ID_VENTA" NUMBER(10,0), 
	"ID_PRODUCTO" NUMBER(10,0), 
	"CANTIDAD" NUMBER(10,0)
   ) PCTFREE 10 PCTUSED 40 INITRANS 1 MAXTRANS 255 NOCOMPRESS LOGGING
  STORAGE(INITIAL 65536 NEXT 1048576 MINEXTENTS 1 MAXEXTENTS 2147483645
  PCTINCREASE 0 FREELISTS 1 FREELIST GROUPS 1 BUFFER_POOL DEFAULT)
  TABLESPACE "USERS" ;
--------------------------------------------------------
--  DDL for Table PERFIL
--------------------------------------------------------

  CREATE TABLE "CENTRAL"."PERFIL" 
   (	"ID_PERFIL" NUMBER(10,0), 
	"ROL" VARCHAR2(10 BYTE)
   ) PCTFREE 10 PCTUSED 40 INITRANS 1 MAXTRANS 255 NOCOMPRESS LOGGING
  STORAGE(INITIAL 65536 NEXT 1048576 MINEXTENTS 1 MAXEXTENTS 2147483645
  PCTINCREASE 0 FREELISTS 1 FREELIST GROUPS 1 BUFFER_POOL DEFAULT)
  TABLESPACE "USERS" ;
--------------------------------------------------------
--  DDL for Table PRODUCTO
--------------------------------------------------------

  CREATE TABLE "CENTRAL"."PRODUCTO" 
   (	"ID_PRODUCTO" NUMBER(10,0), 
	"NOMBRE" VARCHAR2(20 BYTE), 
	"PRECIO_V" NUMBER(10,0), 
	"ID_INSUMO" NUMBER(10,0), 
	"ID_SUCURSAL" NUMBER(10,0), 
	"ESTADO" NUMBER(10,0)
   ) PCTFREE 10 PCTUSED 40 INITRANS 1 MAXTRANS 255 NOCOMPRESS LOGGING
  STORAGE(INITIAL 65536 NEXT 1048576 MINEXTENTS 1 MAXEXTENTS 2147483645
  PCTINCREASE 0 FREELISTS 1 FREELIST GROUPS 1 BUFFER_POOL DEFAULT)
  TABLESPACE "USERS" ;
--------------------------------------------------------
--  DDL for Table PROVEEDOR
--------------------------------------------------------

  CREATE TABLE "CENTRAL"."PROVEEDOR" 
   (	"RUT_PROVEEDOR" NUMBER(10,0), 
	"NOMBRE_P" VARCHAR2(20 BYTE), 
	"TELEFONO" NUMBER(15,0), 
	"DIRECCION" VARCHAR2(20 BYTE)
   ) PCTFREE 10 PCTUSED 40 INITRANS 1 MAXTRANS 255 NOCOMPRESS LOGGING
  STORAGE(INITIAL 65536 NEXT 1048576 MINEXTENTS 1 MAXEXTENTS 2147483645
  PCTINCREASE 0 FREELISTS 1 FREELIST GROUPS 1 BUFFER_POOL DEFAULT)
  TABLESPACE "USERS" ;
--------------------------------------------------------
--  DDL for Table SUCURSAL
--------------------------------------------------------

  CREATE TABLE "CENTRAL"."SUCURSAL" 
   (	"ID_SUCURSAL" NUMBER(10,0), 
	"NOMBRE_S" VARCHAR2(20 BYTE), 
	"CIUDAD" VARCHAR2(20 BYTE), 
	"UCC_PRINCIPAL" NUMBER(10,0), 
	"INSUMO_CENTRAL" NUMBER(10,0)
   ) PCTFREE 10 PCTUSED 40 INITRANS 1 MAXTRANS 255 NOCOMPRESS LOGGING
  STORAGE(INITIAL 65536 NEXT 1048576 MINEXTENTS 1 MAXEXTENTS 2147483645
  PCTINCREASE 0 FREELISTS 1 FREELIST GROUPS 1 BUFFER_POOL DEFAULT)
  TABLESPACE "USERS" ;
--------------------------------------------------------
--  DDL for Table TIPO_VENTA
--------------------------------------------------------

  CREATE TABLE "CENTRAL"."TIPO_VENTA" 
   (	"ID_TIPO_VENTA" NUMBER(10,0), 
	"NOMBRE" VARCHAR2(20 BYTE)
   ) PCTFREE 10 PCTUSED 40 INITRANS 1 MAXTRANS 255 NOCOMPRESS LOGGING
  STORAGE(INITIAL 65536 NEXT 1048576 MINEXTENTS 1 MAXEXTENTS 2147483645
  PCTINCREASE 0 FREELISTS 1 FREELIST GROUPS 1 BUFFER_POOL DEFAULT)
  TABLESPACE "USERS" ;
--------------------------------------------------------
--  DDL for Table UCC
--------------------------------------------------------

  CREATE TABLE "CENTRAL"."UCC" 
   (	"ID_UCC" NUMBER(10,0), 
	"NUMERO_UCC" NUMBER(10,0), 
	"NOMBRE" VARCHAR2(80 BYTE), 
	"ANEXO" NUMBER(10,0), 
	"TIPO_MATERIAL" NUMBER(1,0)
   ) PCTFREE 10 PCTUSED 40 INITRANS 1 MAXTRANS 255 NOCOMPRESS LOGGING
  STORAGE(INITIAL 65536 NEXT 1048576 MINEXTENTS 1 MAXEXTENTS 2147483645
  PCTINCREASE 0 FREELISTS 1 FREELIST GROUPS 1 BUFFER_POOL DEFAULT)
  TABLESPACE "USERS" ;
--------------------------------------------------------
--  DDL for Table USUARIO
--------------------------------------------------------

  CREATE TABLE "CENTRAL"."USUARIO" 
   (	"RUT" NUMBER(10,0), 
	"NOMBRE" VARCHAR2(20 BYTE), 
	"APELLIDOS" VARCHAR2(20 BYTE), 
	"CARGO" VARCHAR2(20 BYTE), 
	"CLAVE" VARCHAR2(20 BYTE), 
	"ID_SUCURSAL" NUMBER(10,0), 
	"ID_PERFIL" NUMBER(10,0)
   ) PCTFREE 10 PCTUSED 40 INITRANS 1 MAXTRANS 255 NOCOMPRESS LOGGING
  STORAGE(INITIAL 65536 NEXT 1048576 MINEXTENTS 1 MAXEXTENTS 2147483645
  PCTINCREASE 0 FREELISTS 1 FREELIST GROUPS 1 BUFFER_POOL DEFAULT)
  TABLESPACE "USERS" ;
--------------------------------------------------------
--  DDL for Table VENTA
--------------------------------------------------------

  CREATE TABLE "CENTRAL"."VENTA" 
   (	"ID_VENTA" NUMBER(10,0), 
	"ID_USUARIO" NUMBER(10,0), 
	"N_BOLETA" NUMBER(10,0), 
	"N_ORDEN" NUMBER(10,0), 
	"FECHA_INGRESO" DATE, 
	"ID_UCC" NUMBER(10,0), 
	"ID_TIPO_VENTA" NUMBER(10,0), 
	"TOTAL" NUMBER(10,0), 
	"TIPO_VENTA" NUMBER(15,0), 
	"ID_SUCURSAL" NUMBER(10,0), 
	"ESTADO" NUMBER(1,0), 
	"VOUCHER" NUMBER(20,0)
   ) PCTFREE 10 PCTUSED 40 INITRANS 1 MAXTRANS 255 NOCOMPRESS LOGGING
  STORAGE(INITIAL 65536 NEXT 1048576 MINEXTENTS 1 MAXEXTENTS 2147483645
  PCTINCREASE 0 FREELISTS 1 FREELIST GROUPS 1 BUFFER_POOL DEFAULT)
  TABLESPACE "USERS" ;
REM INSERTING into CENTRAL.BECA
SET DEFINE OFF;
Insert into CENTRAL.BECA (ID_BECA,CANTIDAD,ID_USUARIO,ID_SUCURSAL,N_BECA,FECHA_INGRESO,ESTADO) values ('1','44','18731299','44','123',to_date('14/12/18','DD/MM/RR'),'1');
Insert into CENTRAL.BECA (ID_BECA,CANTIDAD,ID_USUARIO,ID_SUCURSAL,N_BECA,FECHA_INGRESO,ESTADO) values ('5','14','18731299','44','4444',to_date('14/12/18','DD/MM/RR'),'1');
Insert into CENTRAL.BECA (ID_BECA,CANTIDAD,ID_USUARIO,ID_SUCURSAL,N_BECA,FECHA_INGRESO,ESTADO) values ('12','50','18731299','44','3579',to_date('14/12/18','DD/MM/RR'),null);
Insert into CENTRAL.BECA (ID_BECA,CANTIDAD,ID_USUARIO,ID_SUCURSAL,N_BECA,FECHA_INGRESO,ESTADO) values ('62','665','18731299','44','1238565',to_date('27/12/18','DD/MM/RR'),'0');
Insert into CENTRAL.BECA (ID_BECA,CANTIDAD,ID_USUARIO,ID_SUCURSAL,N_BECA,FECHA_INGRESO,ESTADO) values ('23','12','18731299','44','3',to_date('19/12/18','DD/MM/RR'),'1');
Insert into CENTRAL.BECA (ID_BECA,CANTIDAD,ID_USUARIO,ID_SUCURSAL,N_BECA,FECHA_INGRESO,ESTADO) values ('43','12','18731299','44','124',to_date('21/12/18','DD/MM/RR'),'1');
Insert into CENTRAL.BECA (ID_BECA,CANTIDAD,ID_USUARIO,ID_SUCURSAL,N_BECA,FECHA_INGRESO,ESTADO) values ('63','31','18731299','44','637',to_date('27/12/18','DD/MM/RR'),'1');
Insert into CENTRAL.BECA (ID_BECA,CANTIDAD,ID_USUARIO,ID_SUCURSAL,N_BECA,FECHA_INGRESO,ESTADO) values ('64','31','18731299','44','637',to_date('27/12/18','DD/MM/RR'),'1');
Insert into CENTRAL.BECA (ID_BECA,CANTIDAD,ID_USUARIO,ID_SUCURSAL,N_BECA,FECHA_INGRESO,ESTADO) values ('78','14','18731299','44','856',to_date('27/12/18','DD/MM/RR'),'1');
Insert into CENTRAL.BECA (ID_BECA,CANTIDAD,ID_USUARIO,ID_SUCURSAL,N_BECA,FECHA_INGRESO,ESTADO) values ('83','23','18731299','44','4',to_date('27/12/18','DD/MM/RR'),'1');
Insert into CENTRAL.BECA (ID_BECA,CANTIDAD,ID_USUARIO,ID_SUCURSAL,N_BECA,FECHA_INGRESO,ESTADO) values ('89','23','18731299','44','4',to_date('27/12/18','DD/MM/RR'),'1');
Insert into CENTRAL.BECA (ID_BECA,CANTIDAD,ID_USUARIO,ID_SUCURSAL,N_BECA,FECHA_INGRESO,ESTADO) values ('93','123','18731299','44','3',to_date('27/12/18','DD/MM/RR'),'1');
Insert into CENTRAL.BECA (ID_BECA,CANTIDAD,ID_USUARIO,ID_SUCURSAL,N_BECA,FECHA_INGRESO,ESTADO) values ('98','123','18731299','44','123',to_date('27/12/18','DD/MM/RR'),'1');
Insert into CENTRAL.BECA (ID_BECA,CANTIDAD,ID_USUARIO,ID_SUCURSAL,N_BECA,FECHA_INGRESO,ESTADO) values ('103','2','18731299','44','12',to_date('27/12/18','DD/MM/RR'),'1');
Insert into CENTRAL.BECA (ID_BECA,CANTIDAD,ID_USUARIO,ID_SUCURSAL,N_BECA,FECHA_INGRESO,ESTADO) values ('6','900','18731299','44','77777',to_date('14/12/18','DD/MM/RR'),'1');
Insert into CENTRAL.BECA (ID_BECA,CANTIDAD,ID_USUARIO,ID_SUCURSAL,N_BECA,FECHA_INGRESO,ESTADO) values ('8','10000','18731299','44','9999',to_date('14/12/18','DD/MM/RR'),null);
Insert into CENTRAL.BECA (ID_BECA,CANTIDAD,ID_USUARIO,ID_SUCURSAL,N_BECA,FECHA_INGRESO,ESTADO) values ('10','3132','18731299','44','694',to_date('13/12/18','DD/MM/RR'),'1');
Insert into CENTRAL.BECA (ID_BECA,CANTIDAD,ID_USUARIO,ID_SUCURSAL,N_BECA,FECHA_INGRESO,ESTADO) values ('13','46','18731299','44','6666',to_date('14/12/18','DD/MM/RR'),null);
Insert into CENTRAL.BECA (ID_BECA,CANTIDAD,ID_USUARIO,ID_SUCURSAL,N_BECA,FECHA_INGRESO,ESTADO) values ('24','12','18731299','44','3',to_date('19/12/18','DD/MM/RR'),'1');
Insert into CENTRAL.BECA (ID_BECA,CANTIDAD,ID_USUARIO,ID_SUCURSAL,N_BECA,FECHA_INGRESO,ESTADO) values ('45','12356','18731299','44','1234555',to_date('21/12/18','DD/MM/RR'),'0');
Insert into CENTRAL.BECA (ID_BECA,CANTIDAD,ID_USUARIO,ID_SUCURSAL,N_BECA,FECHA_INGRESO,ESTADO) values ('66','3','18731299','44','637',to_date('27/12/18','DD/MM/RR'),'1');
Insert into CENTRAL.BECA (ID_BECA,CANTIDAD,ID_USUARIO,ID_SUCURSAL,N_BECA,FECHA_INGRESO,ESTADO) values ('68','3','18731299','44','637',to_date('27/12/18','DD/MM/RR'),'1');
Insert into CENTRAL.BECA (ID_BECA,CANTIDAD,ID_USUARIO,ID_SUCURSAL,N_BECA,FECHA_INGRESO,ESTADO) values ('69','4','18731299','44','63767',to_date('27/12/18','DD/MM/RR'),'1');
Insert into CENTRAL.BECA (ID_BECA,CANTIDAD,ID_USUARIO,ID_SUCURSAL,N_BECA,FECHA_INGRESO,ESTADO) values ('70','456','18731299','44','637678',to_date('27/12/18','DD/MM/RR'),'1');
Insert into CENTRAL.BECA (ID_BECA,CANTIDAD,ID_USUARIO,ID_SUCURSAL,N_BECA,FECHA_INGRESO,ESTADO) values ('72','40','18731299','44','214',to_date('27/12/18','DD/MM/RR'),'1');
Insert into CENTRAL.BECA (ID_BECA,CANTIDAD,ID_USUARIO,ID_SUCURSAL,N_BECA,FECHA_INGRESO,ESTADO) values ('74','5','18731299','44','543',to_date('27/12/18','DD/MM/RR'),'1');
Insert into CENTRAL.BECA (ID_BECA,CANTIDAD,ID_USUARIO,ID_SUCURSAL,N_BECA,FECHA_INGRESO,ESTADO) values ('80','14','18731299','44','856',to_date('27/12/18','DD/MM/RR'),'1');
Insert into CENTRAL.BECA (ID_BECA,CANTIDAD,ID_USUARIO,ID_SUCURSAL,N_BECA,FECHA_INGRESO,ESTADO) values ('85','23','18731299','44','4',to_date('27/12/18','DD/MM/RR'),'1');
Insert into CENTRAL.BECA (ID_BECA,CANTIDAD,ID_USUARIO,ID_SUCURSAL,N_BECA,FECHA_INGRESO,ESTADO) values ('86','23','18731299','44','4',to_date('27/12/18','DD/MM/RR'),'1');
Insert into CENTRAL.BECA (ID_BECA,CANTIDAD,ID_USUARIO,ID_SUCURSAL,N_BECA,FECHA_INGRESO,ESTADO) values ('88','23','18731299','44','4',to_date('27/12/18','DD/MM/RR'),'1');
Insert into CENTRAL.BECA (ID_BECA,CANTIDAD,ID_USUARIO,ID_SUCURSAL,N_BECA,FECHA_INGRESO,ESTADO) values ('91','123','18731299','44','3',to_date('27/12/18','DD/MM/RR'),'1');
Insert into CENTRAL.BECA (ID_BECA,CANTIDAD,ID_USUARIO,ID_SUCURSAL,N_BECA,FECHA_INGRESO,ESTADO) values ('92','123','18731299','44','3',to_date('27/12/18','DD/MM/RR'),'1');
Insert into CENTRAL.BECA (ID_BECA,CANTIDAD,ID_USUARIO,ID_SUCURSAL,N_BECA,FECHA_INGRESO,ESTADO) values ('95','70','18731299','44','4',to_date('27/12/18','DD/MM/RR'),'1');
Insert into CENTRAL.BECA (ID_BECA,CANTIDAD,ID_USUARIO,ID_SUCURSAL,N_BECA,FECHA_INGRESO,ESTADO) values ('97','80','18731299','44','123',to_date('27/12/18','DD/MM/RR'),'1');
Insert into CENTRAL.BECA (ID_BECA,CANTIDAD,ID_USUARIO,ID_SUCURSAL,N_BECA,FECHA_INGRESO,ESTADO) values ('100','5','18731299','44','1234',to_date('27/12/18','DD/MM/RR'),'1');
Insert into CENTRAL.BECA (ID_BECA,CANTIDAD,ID_USUARIO,ID_SUCURSAL,N_BECA,FECHA_INGRESO,ESTADO) values ('104','12','18731299','44','12',to_date('27/12/18','DD/MM/RR'),'1');
Insert into CENTRAL.BECA (ID_BECA,CANTIDAD,ID_USUARIO,ID_SUCURSAL,N_BECA,FECHA_INGRESO,ESTADO) values ('105','1','18731299','44','123',to_date('27/12/18','DD/MM/RR'),'1');
Insert into CENTRAL.BECA (ID_BECA,CANTIDAD,ID_USUARIO,ID_SUCURSAL,N_BECA,FECHA_INGRESO,ESTADO) values ('106','450','18731299','44','8888',to_date('27/12/18','DD/MM/RR'),'1');
Insert into CENTRAL.BECA (ID_BECA,CANTIDAD,ID_USUARIO,ID_SUCURSAL,N_BECA,FECHA_INGRESO,ESTADO) values ('109','1','18731299','44','1234',to_date('27/12/18','DD/MM/RR'),'1');
Insert into CENTRAL.BECA (ID_BECA,CANTIDAD,ID_USUARIO,ID_SUCURSAL,N_BECA,FECHA_INGRESO,ESTADO) values ('4','14','18731299','44','4444',to_date('14/12/18','DD/MM/RR'),'1');
Insert into CENTRAL.BECA (ID_BECA,CANTIDAD,ID_USUARIO,ID_SUCURSAL,N_BECA,FECHA_INGRESO,ESTADO) values ('71','20','18731299','44','9099',to_date('27/12/18','DD/MM/RR'),'1');
Insert into CENTRAL.BECA (ID_BECA,CANTIDAD,ID_USUARIO,ID_SUCURSAL,N_BECA,FECHA_INGRESO,ESTADO) values ('79','14','18731299','44','856',to_date('27/12/18','DD/MM/RR'),'1');
Insert into CENTRAL.BECA (ID_BECA,CANTIDAD,ID_USUARIO,ID_SUCURSAL,N_BECA,FECHA_INGRESO,ESTADO) values ('82','23','18731299','44','4',to_date('27/12/18','DD/MM/RR'),'1');
Insert into CENTRAL.BECA (ID_BECA,CANTIDAD,ID_USUARIO,ID_SUCURSAL,N_BECA,FECHA_INGRESO,ESTADO) values ('84','23','18731299','44','4',to_date('27/12/18','DD/MM/RR'),'1');
Insert into CENTRAL.BECA (ID_BECA,CANTIDAD,ID_USUARIO,ID_SUCURSAL,N_BECA,FECHA_INGRESO,ESTADO) values ('96','50','18731299','44','123',to_date('27/12/18','DD/MM/RR'),'1');
Insert into CENTRAL.BECA (ID_BECA,CANTIDAD,ID_USUARIO,ID_SUCURSAL,N_BECA,FECHA_INGRESO,ESTADO) values ('99','5','18731299','44','123',to_date('27/12/18','DD/MM/RR'),'1');
Insert into CENTRAL.BECA (ID_BECA,CANTIDAD,ID_USUARIO,ID_SUCURSAL,N_BECA,FECHA_INGRESO,ESTADO) values ('108','4','18731299','44','1234',to_date('27/12/18','DD/MM/RR'),'1');
Insert into CENTRAL.BECA (ID_BECA,CANTIDAD,ID_USUARIO,ID_SUCURSAL,N_BECA,FECHA_INGRESO,ESTADO) values ('7','500','18731299','44','778',to_date('14/12/18','DD/MM/RR'),null);
Insert into CENTRAL.BECA (ID_BECA,CANTIDAD,ID_USUARIO,ID_SUCURSAL,N_BECA,FECHA_INGRESO,ESTADO) values ('9','100000','18731299','44','9999',to_date('14/12/18','DD/MM/RR'),'1');
Insert into CENTRAL.BECA (ID_BECA,CANTIDAD,ID_USUARIO,ID_SUCURSAL,N_BECA,FECHA_INGRESO,ESTADO) values ('11','500','18731299','44','513',to_date('12/12/18','DD/MM/RR'),null);
Insert into CENTRAL.BECA (ID_BECA,CANTIDAD,ID_USUARIO,ID_SUCURSAL,N_BECA,FECHA_INGRESO,ESTADO) values ('73','19','18731299','44','4',to_date('27/12/18','DD/MM/RR'),'1');
Insert into CENTRAL.BECA (ID_BECA,CANTIDAD,ID_USUARIO,ID_SUCURSAL,N_BECA,FECHA_INGRESO,ESTADO) values ('41','312','18731299','44','124',to_date('21/12/18','DD/MM/RR'),'1');
Insert into CENTRAL.BECA (ID_BECA,CANTIDAD,ID_USUARIO,ID_SUCURSAL,N_BECA,FECHA_INGRESO,ESTADO) values ('76','14','18731299','44','856',to_date('27/12/18','DD/MM/RR'),'1');
Insert into CENTRAL.BECA (ID_BECA,CANTIDAD,ID_USUARIO,ID_SUCURSAL,N_BECA,FECHA_INGRESO,ESTADO) values ('77','14','18731299','44','856',to_date('27/12/18','DD/MM/RR'),'1');
Insert into CENTRAL.BECA (ID_BECA,CANTIDAD,ID_USUARIO,ID_SUCURSAL,N_BECA,FECHA_INGRESO,ESTADO) values ('87','23','18731299','44','4',to_date('27/12/18','DD/MM/RR'),'1');
Insert into CENTRAL.BECA (ID_BECA,CANTIDAD,ID_USUARIO,ID_SUCURSAL,N_BECA,FECHA_INGRESO,ESTADO) values ('102','2','18731299','44','12',to_date('27/12/18','DD/MM/RR'),'1');
Insert into CENTRAL.BECA (ID_BECA,CANTIDAD,ID_USUARIO,ID_SUCURSAL,N_BECA,FECHA_INGRESO,ESTADO) values ('107','150','18731299','44','8888',to_date('27/12/18','DD/MM/RR'),'1');
Insert into CENTRAL.BECA (ID_BECA,CANTIDAD,ID_USUARIO,ID_SUCURSAL,N_BECA,FECHA_INGRESO,ESTADO) values ('2','232','18731299','44','333',to_date('14/12/18','DD/MM/RR'),'1');
Insert into CENTRAL.BECA (ID_BECA,CANTIDAD,ID_USUARIO,ID_SUCURSAL,N_BECA,FECHA_INGRESO,ESTADO) values ('3','14','18731299','44','4444',to_date('14/12/18','DD/MM/RR'),'1');
Insert into CENTRAL.BECA (ID_BECA,CANTIDAD,ID_USUARIO,ID_SUCURSAL,N_BECA,FECHA_INGRESO,ESTADO) values ('42','12','18731299','44','124',to_date('21/12/18','DD/MM/RR'),'1');
Insert into CENTRAL.BECA (ID_BECA,CANTIDAD,ID_USUARIO,ID_SUCURSAL,N_BECA,FECHA_INGRESO,ESTADO) values ('44','1324','18731299','44','988928',to_date('22/12/18','DD/MM/RR'),'1');
Insert into CENTRAL.BECA (ID_BECA,CANTIDAD,ID_USUARIO,ID_SUCURSAL,N_BECA,FECHA_INGRESO,ESTADO) values ('61','2','18731299','44','12346',to_date('26/12/18','DD/MM/RR'),'1');
Insert into CENTRAL.BECA (ID_BECA,CANTIDAD,ID_USUARIO,ID_SUCURSAL,N_BECA,FECHA_INGRESO,ESTADO) values ('65','3','18731299','44','637',to_date('27/12/18','DD/MM/RR'),'1');
Insert into CENTRAL.BECA (ID_BECA,CANTIDAD,ID_USUARIO,ID_SUCURSAL,N_BECA,FECHA_INGRESO,ESTADO) values ('67','3','18731299','44','637',to_date('27/12/18','DD/MM/RR'),'1');
Insert into CENTRAL.BECA (ID_BECA,CANTIDAD,ID_USUARIO,ID_SUCURSAL,N_BECA,FECHA_INGRESO,ESTADO) values ('75','66','18731299','44','856',to_date('27/12/18','DD/MM/RR'),'1');
Insert into CENTRAL.BECA (ID_BECA,CANTIDAD,ID_USUARIO,ID_SUCURSAL,N_BECA,FECHA_INGRESO,ESTADO) values ('81','23','18731299','44','4',to_date('27/12/18','DD/MM/RR'),'1');
Insert into CENTRAL.BECA (ID_BECA,CANTIDAD,ID_USUARIO,ID_SUCURSAL,N_BECA,FECHA_INGRESO,ESTADO) values ('90','23','18731299','44','4',to_date('27/12/18','DD/MM/RR'),'1');
Insert into CENTRAL.BECA (ID_BECA,CANTIDAD,ID_USUARIO,ID_SUCURSAL,N_BECA,FECHA_INGRESO,ESTADO) values ('94','123','18731299','44','3',to_date('27/12/18','DD/MM/RR'),'1');
Insert into CENTRAL.BECA (ID_BECA,CANTIDAD,ID_USUARIO,ID_SUCURSAL,N_BECA,FECHA_INGRESO,ESTADO) values ('101','8','18731299','44','123',to_date('27/12/18','DD/MM/RR'),'1');
REM INSERTING into CENTRAL.COMPRA
SET DEFINE OFF;
Insert into CENTRAL.COMPRA (ID_COMPRA,ID_USUARIO,N_FACTURA,FECHA_INGRESO,ID_UCC,SUBTOTAL,IVA,TOTAL,RUT_PROVEEDOR,ID_SUCURSAL,ESTADO) values ('127','18731299','54325',to_date('26/12/18','DD/MM/RR'),'61','340',null,'405','341234','44','1');
Insert into CENTRAL.COMPRA (ID_COMPRA,ID_USUARIO,N_FACTURA,FECHA_INGRESO,ID_UCC,SUBTOTAL,IVA,TOTAL,RUT_PROVEEDOR,ID_SUCURSAL,ESTADO) values ('141','18731299','3477',to_date('28/12/18','DD/MM/RR'),'61','10200',null,'12138','1252346','44','1');
Insert into CENTRAL.COMPRA (ID_COMPRA,ID_USUARIO,N_FACTURA,FECHA_INGRESO,ID_UCC,SUBTOTAL,IVA,TOTAL,RUT_PROVEEDOR,ID_SUCURSAL,ESTADO) values ('76','18731299','64536',to_date('18/12/18','DD/MM/RR'),'61','440',null,'524','56258799','44','1');
Insert into CENTRAL.COMPRA (ID_COMPRA,ID_USUARIO,N_FACTURA,FECHA_INGRESO,ID_UCC,SUBTOTAL,IVA,TOTAL,RUT_PROVEEDOR,ID_SUCURSAL,ESTADO) values ('85','18731299','56',to_date('19/12/18','DD/MM/RR'),'61','500',null,'595','56258799','44','1');
Insert into CENTRAL.COMPRA (ID_COMPRA,ID_USUARIO,N_FACTURA,FECHA_INGRESO,ID_UCC,SUBTOTAL,IVA,TOTAL,RUT_PROVEEDOR,ID_SUCURSAL,ESTADO) values ('101','18731299','66666666',to_date('21/12/18','DD/MM/RR'),'61','500000',null,'595000','18764522','44','1');
Insert into CENTRAL.COMPRA (ID_COMPRA,ID_USUARIO,N_FACTURA,FECHA_INGRESO,ID_UCC,SUBTOTAL,IVA,TOTAL,RUT_PROVEEDOR,ID_SUCURSAL,ESTADO) values ('74','18731299','555',to_date('18/12/18','DD/MM/RR'),'61','3240',null,'3856','56258799','44','1');
Insert into CENTRAL.COMPRA (ID_COMPRA,ID_USUARIO,N_FACTURA,FECHA_INGRESO,ID_UCC,SUBTOTAL,IVA,TOTAL,RUT_PROVEEDOR,ID_SUCURSAL,ESTADO) values ('78','18731299','23',to_date('18/12/18','DD/MM/RR'),'61','311325',null,'370477','56258799','44','1');
Insert into CENTRAL.COMPRA (ID_COMPRA,ID_USUARIO,N_FACTURA,FECHA_INGRESO,ID_UCC,SUBTOTAL,IVA,TOTAL,RUT_PROVEEDOR,ID_SUCURSAL,ESTADO) values ('82','18731299','55',to_date('19/12/18','DD/MM/RR'),'61','2500',null,'2975','56258799','44','1');
Insert into CENTRAL.COMPRA (ID_COMPRA,ID_USUARIO,N_FACTURA,FECHA_INGRESO,ID_UCC,SUBTOTAL,IVA,TOTAL,RUT_PROVEEDOR,ID_SUCURSAL,ESTADO) values ('121','18731299','76',to_date('26/12/18','DD/MM/RR'),'61','510',null,'607','341234','44','1');
REM INSERTING into CENTRAL.INSUMO
SET DEFINE OFF;
Insert into CENTRAL.INSUMO (ID_INSUMO,NOMBRE_I,PRECIO_C,MARCA,STOCK,RUT_PROVEEDOR,ID_SUCURSAL) values ('173','hojas blancas','10','equalit','146942','55698755','44');
Insert into CENTRAL.INSUMO (ID_INSUMO,NOMBRE_I,PRECIO_C,MARCA,STOCK,RUT_PROVEEDOR,ID_SUCURSAL) values ('168','holaa','300','asdf','9850','18764522','44');
Insert into CENTRAL.INSUMO (ID_INSUMO,NOMBRE_I,PRECIO_C,MARCA,STOCK,RUT_PROVEEDOR,ID_SUCURSAL) values ('169','asdf','300','niunguna','84','55698755','44');
Insert into CENTRAL.INSUMO (ID_INSUMO,NOMBRE_I,PRECIO_C,MARCA,STOCK,RUT_PROVEEDOR,ID_SUCURSAL) values ('174','HOJAS BLANCAS','10','HOJAS LTDA','100','56258799','45');
Insert into CENTRAL.INSUMO (ID_INSUMO,NOMBRE_I,PRECIO_C,MARCA,STOCK,RUT_PROVEEDOR,ID_SUCURSAL) values ('167','mica gofrada','85','diez','9661','18764544','44');
REM INSERTING into CENTRAL.ITEMS_COMPRA
SET DEFINE OFF;
Insert into CENTRAL.ITEMS_COMPRA (ID_ITEMS_COMPRA,ID_COMPRA,ID_INSUMO,CANTIDAD) values ('142','141','169','34');
Insert into CENTRAL.ITEMS_COMPRA (ID_ITEMS_COMPRA,ID_COMPRA,ID_INSUMO,CANTIDAD) values ('128','127','167','4');
Insert into CENTRAL.ITEMS_COMPRA (ID_ITEMS_COMPRA,ID_COMPRA,ID_INSUMO,CANTIDAD) values ('77','76','166','44');
Insert into CENTRAL.ITEMS_COMPRA (ID_ITEMS_COMPRA,ID_COMPRA,ID_INSUMO,CANTIDAD) values ('86','85','173','50');
Insert into CENTRAL.ITEMS_COMPRA (ID_ITEMS_COMPRA,ID_COMPRA,ID_INSUMO,CANTIDAD) values ('102','101','173','50000');
Insert into CENTRAL.ITEMS_COMPRA (ID_ITEMS_COMPRA,ID_COMPRA,ID_INSUMO,CANTIDAD) values ('80','78','167','3213');
Insert into CENTRAL.ITEMS_COMPRA (ID_ITEMS_COMPRA,ID_COMPRA,ID_INSUMO,CANTIDAD) values ('81','78','168','117');
Insert into CENTRAL.ITEMS_COMPRA (ID_ITEMS_COMPRA,ID_COMPRA,ID_INSUMO,CANTIDAD) values ('83','82','173','100');
Insert into CENTRAL.ITEMS_COMPRA (ID_ITEMS_COMPRA,ID_COMPRA,ID_INSUMO,CANTIDAD) values ('84','82','168','5');
Insert into CENTRAL.ITEMS_COMPRA (ID_ITEMS_COMPRA,ID_COMPRA,ID_INSUMO,CANTIDAD) values ('79','78','166','312');
Insert into CENTRAL.ITEMS_COMPRA (ID_ITEMS_COMPRA,ID_COMPRA,ID_INSUMO,CANTIDAD) values ('122','121','167','6');
REM INSERTING into CENTRAL.ITEMS_VENTA
SET DEFINE OFF;
Insert into CENTRAL.ITEMS_VENTA (ID_ITEMS_VENTA,ID_VENTA,ID_PRODUCTO,CANTIDAD) values ('608','605','20','3');
Insert into CENTRAL.ITEMS_VENTA (ID_ITEMS_VENTA,ID_VENTA,ID_PRODUCTO,CANTIDAD) values ('617','616','24','4');
Insert into CENTRAL.ITEMS_VENTA (ID_ITEMS_VENTA,ID_VENTA,ID_PRODUCTO,CANTIDAD) values ('606','605','24','12');
Insert into CENTRAL.ITEMS_VENTA (ID_ITEMS_VENTA,ID_VENTA,ID_PRODUCTO,CANTIDAD) values ('607','605','26','12');
Insert into CENTRAL.ITEMS_VENTA (ID_ITEMS_VENTA,ID_VENTA,ID_PRODUCTO,CANTIDAD) values ('621','620','26','4');
Insert into CENTRAL.ITEMS_VENTA (ID_ITEMS_VENTA,ID_VENTA,ID_PRODUCTO,CANTIDAD) values ('642','641','24','3');
Insert into CENTRAL.ITEMS_VENTA (ID_ITEMS_VENTA,ID_VENTA,ID_PRODUCTO,CANTIDAD) values ('647','646','24','6');
Insert into CENTRAL.ITEMS_VENTA (ID_ITEMS_VENTA,ID_VENTA,ID_PRODUCTO,CANTIDAD) values ('612','611','24','6');
Insert into CENTRAL.ITEMS_VENTA (ID_ITEMS_VENTA,ID_VENTA,ID_PRODUCTO,CANTIDAD) values ('613','611','26','3');
Insert into CENTRAL.ITEMS_VENTA (ID_ITEMS_VENTA,ID_VENTA,ID_PRODUCTO,CANTIDAD) values ('615','614','24','123');
Insert into CENTRAL.ITEMS_VENTA (ID_ITEMS_VENTA,ID_VENTA,ID_PRODUCTO,CANTIDAD) values ('644','643','24','5');
Insert into CENTRAL.ITEMS_VENTA (ID_ITEMS_VENTA,ID_VENTA,ID_PRODUCTO,CANTIDAD) values ('645','643','26','23');
Insert into CENTRAL.ITEMS_VENTA (ID_ITEMS_VENTA,ID_VENTA,ID_PRODUCTO,CANTIDAD) values ('619','618','24','5');
Insert into CENTRAL.ITEMS_VENTA (ID_ITEMS_VENTA,ID_VENTA,ID_PRODUCTO,CANTIDAD) values ('610','609','24','3');
REM INSERTING into CENTRAL.PERFIL
SET DEFINE OFF;
Insert into CENTRAL.PERFIL (ID_PERFIL,ROL) values ('24','Admin');
Insert into CENTRAL.PERFIL (ID_PERFIL,ROL) values ('25','Super');
Insert into CENTRAL.PERFIL (ID_PERFIL,ROL) values ('26','Vendedor');
REM INSERTING into CENTRAL.PRODUCTO
SET DEFINE OFF;
Insert into CENTRAL.PRODUCTO (ID_PRODUCTO,NOMBRE,PRECIO_V,ID_INSUMO,ID_SUCURSAL,ESTADO) values ('24','Fotocopia color','150','173','44','1');
Insert into CENTRAL.PRODUCTO (ID_PRODUCTO,NOMBRE,PRECIO_V,ID_INSUMO,ID_SUCURSAL,ESTADO) values ('26','Fotocopia normal','20','173','44','1');
Insert into CENTRAL.PRODUCTO (ID_PRODUCTO,NOMBRE,PRECIO_V,ID_INSUMO,ID_SUCURSAL,ESTADO) values ('20','disquete','450','167','44','1');
REM INSERTING into CENTRAL.PROVEEDOR
SET DEFINE OFF;
Insert into CENTRAL.PROVEEDOR (RUT_PROVEEDOR,NOMBRE_P,TELEFONO,DIRECCION) values ('18764522','OTRO','111113','Av 3000');
Insert into CENTRAL.PROVEEDOR (RUT_PROVEEDOR,NOMBRE_P,TELEFONO,DIRECCION) values ('341234','2435','5234','53245');
Insert into CENTRAL.PROVEEDOR (RUT_PROVEEDOR,NOMBRE_P,TELEFONO,DIRECCION) values ('56258799','Lider','44556','Av 300');
Insert into CENTRAL.PROVEEDOR (RUT_PROVEEDOR,NOMBRE_P,TELEFONO,DIRECCION) values ('55698755','tucán','1282','av 40');
Insert into CENTRAL.PROVEEDOR (RUT_PROVEEDOR,NOMBRE_P,TELEFONO,DIRECCION) values ('1252346','OTRO2','333333','34');
Insert into CENTRAL.PROVEEDOR (RUT_PROVEEDOR,NOMBRE_P,TELEFONO,DIRECCION) values ('18764544','UCM','44','Talca 2');
REM INSERTING into CENTRAL.SUCURSAL
SET DEFINE OFF;
Insert into CENTRAL.SUCURSAL (ID_SUCURSAL,NOMBRE_S,CIUDAD,UCC_PRINCIPAL,INSUMO_CENTRAL) values ('46','Los Niches','Los Niches',null,null);
Insert into CENTRAL.SUCURSAL (ID_SUCURSAL,NOMBRE_S,CIUDAD,UCC_PRINCIPAL,INSUMO_CENTRAL) values ('45','Curicó','Curicó',null,null);
Insert into CENTRAL.SUCURSAL (ID_SUCURSAL,NOMBRE_S,CIUDAD,UCC_PRINCIPAL,INSUMO_CENTRAL) values ('44','San Miguel','Talca','61','173');
REM INSERTING into CENTRAL.TIPO_VENTA
SET DEFINE OFF;
Insert into CENTRAL.TIPO_VENTA (ID_TIPO_VENTA,NOMBRE) values ('25','ADMINISTRATIVO');
Insert into CENTRAL.TIPO_VENTA (ID_TIPO_VENTA,NOMBRE) values ('26','ENSENANZA');
Insert into CENTRAL.TIPO_VENTA (ID_TIPO_VENTA,NOMBRE) values ('27','FOTOCOPIAS');
Insert into CENTRAL.TIPO_VENTA (ID_TIPO_VENTA,NOMBRE) values ('28','MATERIALES');
REM INSERTING into CENTRAL.UCC
SET DEFINE OFF;
Insert into CENTRAL.UCC (ID_UCC,NUMERO_UCC,NOMBRE,ANEXO,TIPO_MATERIAL) values ('61','12345','Central talca','1234','0');
Insert into CENTRAL.UCC (ID_UCC,NUMERO_UCC,NOMBRE,ANEXO,TIPO_MATERIAL) values ('102','6464','Unidad 20000','637','0');
Insert into CENTRAL.UCC (ID_UCC,NUMERO_UCC,NOMBRE,ANEXO,TIPO_MATERIAL) values ('121','124','Javier','3553','1');
Insert into CENTRAL.UCC (ID_UCC,NUMERO_UCC,NOMBRE,ANEXO,TIPO_MATERIAL) values ('143','12123','Medicina','11543','1');
Insert into CENTRAL.UCC (ID_UCC,NUMERO_UCC,NOMBRE,ANEXO,TIPO_MATERIAL) values ('101','123467','Dpto matricula','4444','0');
REM INSERTING into CENTRAL.USUARIO
SET DEFINE OFF;
Insert into CENTRAL.USUARIO (RUT,NOMBRE,APELLIDOS,CARGO,CLAVE,ID_SUCURSAL,ID_PERFIL) values ('123','super','admin','ADMINISTRADOR','123','44','24');
Insert into CENTRAL.USUARIO (RUT,NOMBRE,APELLIDOS,CARGO,CLAVE,ID_SUCURSAL,ID_PERFIL) values ('123445','1234','1234','1234','1234','44','24');
Insert into CENTRAL.USUARIO (RUT,NOMBRE,APELLIDOS,CARGO,CLAVE,ID_SUCURSAL,ID_PERFIL) values ('18731299','JAVIER','YAÑEZ','ADMINISTRADOR','123456','44','25');
Insert into CENTRAL.USUARIO (RUT,NOMBRE,APELLIDOS,CARGO,CLAVE,ID_SUCURSAL,ID_PERFIL) values ('11111111','SUPER','ADMINISTRADOR','SUPERADMIN','654321','44','24');
Insert into CENTRAL.USUARIO (RUT,NOMBRE,APELLIDOS,CARGO,CLAVE,ID_SUCURSAL,ID_PERFIL) values ('22222222','VENDEDOR','UNO','VENDEDOR','QWERTY','44','26');
Insert into CENTRAL.USUARIO (RUT,NOMBRE,APELLIDOS,CARGO,CLAVE,ID_SUCURSAL,ID_PERFIL) values ('333333','VENDEDOR','UNO','VENDEDOR','QWERTY','45','26');
Insert into CENTRAL.USUARIO (RUT,NOMBRE,APELLIDOS,CARGO,CLAVE,ID_SUCURSAL,ID_PERFIL) values ('1234','1234','1234','1234','1234','44','24');
REM INSERTING into CENTRAL.VENTA
SET DEFINE OFF;
Insert into CENTRAL.VENTA (ID_VENTA,ID_USUARIO,N_BOLETA,N_ORDEN,FECHA_INGRESO,ID_UCC,ID_TIPO_VENTA,TOTAL,TIPO_VENTA,ID_SUCURSAL,ESTADO,VOUCHER) values ('553','18731299',null,'23125',to_date('19/12/18','DD/MM/RR'),'143',null,'18802',null,'44','1',null);
Insert into CENTRAL.VENTA (ID_VENTA,ID_USUARIO,N_BOLETA,N_ORDEN,FECHA_INGRESO,ID_UCC,ID_TIPO_VENTA,TOTAL,TIPO_VENTA,ID_SUCURSAL,ESTADO,VOUCHER) values ('616','18731299','732875',null,to_date('26/12/18','DD/MM/RR'),'61',null,'600','0','44','1',null);
Insert into CENTRAL.VENTA (ID_VENTA,ID_USUARIO,N_BOLETA,N_ORDEN,FECHA_INGRESO,ID_UCC,ID_TIPO_VENTA,TOTAL,TIPO_VENTA,ID_SUCURSAL,ESTADO,VOUCHER) values ('605','18731299','1',null,to_date('20/12/18','DD/MM/RR'),'61',null,'3390','0','44','1',null);
Insert into CENTRAL.VENTA (ID_VENTA,ID_USUARIO,N_BOLETA,N_ORDEN,FECHA_INGRESO,ID_UCC,ID_TIPO_VENTA,TOTAL,TIPO_VENTA,ID_SUCURSAL,ESTADO,VOUCHER) values ('641','18731299','12348854',null,to_date('28/12/18','DD/MM/RR'),'61',null,'450','0','44','1',null);
Insert into CENTRAL.VENTA (ID_VENTA,ID_USUARIO,N_BOLETA,N_ORDEN,FECHA_INGRESO,ID_UCC,ID_TIPO_VENTA,TOTAL,TIPO_VENTA,ID_SUCURSAL,ESTADO,VOUCHER) values ('646','18731299',null,'9467',to_date('28/12/18','DD/MM/RR'),'101','26','900',null,'44',null,null);
Insert into CENTRAL.VENTA (ID_VENTA,ID_USUARIO,N_BOLETA,N_ORDEN,FECHA_INGRESO,ID_UCC,ID_TIPO_VENTA,TOTAL,TIPO_VENTA,ID_SUCURSAL,ESTADO,VOUCHER) values ('611','18731299','5',null,to_date('26/12/18','DD/MM/RR'),'61',null,'960','0','44','1',null);
Insert into CENTRAL.VENTA (ID_VENTA,ID_USUARIO,N_BOLETA,N_ORDEN,FECHA_INGRESO,ID_UCC,ID_TIPO_VENTA,TOTAL,TIPO_VENTA,ID_SUCURSAL,ESTADO,VOUCHER) values ('620','18731299','98765',null,to_date('26/12/18','DD/MM/RR'),'61',null,'80','0','44','1',null);
Insert into CENTRAL.VENTA (ID_VENTA,ID_USUARIO,N_BOLETA,N_ORDEN,FECHA_INGRESO,ID_UCC,ID_TIPO_VENTA,TOTAL,TIPO_VENTA,ID_SUCURSAL,ESTADO,VOUCHER) values ('601','18731299',null,'555',to_date('26/12/18','DD/MM/RR'),'102',null,'1650',null,'44','1',null);
Insert into CENTRAL.VENTA (ID_VENTA,ID_USUARIO,N_BOLETA,N_ORDEN,FECHA_INGRESO,ID_UCC,ID_TIPO_VENTA,TOTAL,TIPO_VENTA,ID_SUCURSAL,ESTADO,VOUCHER) values ('643','18731299','743657',null,to_date('28/12/18','DD/MM/RR'),'61',null,'1210','1','44','1','1235246');
Insert into CENTRAL.VENTA (ID_VENTA,ID_USUARIO,N_BOLETA,N_ORDEN,FECHA_INGRESO,ID_UCC,ID_TIPO_VENTA,TOTAL,TIPO_VENTA,ID_SUCURSAL,ESTADO,VOUCHER) values ('614','18731299','7',null,to_date('26/12/18','DD/MM/RR'),'61',null,'18450','1','44','1','1234');
Insert into CENTRAL.VENTA (ID_VENTA,ID_USUARIO,N_BOLETA,N_ORDEN,FECHA_INGRESO,ID_UCC,ID_TIPO_VENTA,TOTAL,TIPO_VENTA,ID_SUCURSAL,ESTADO,VOUCHER) values ('618','18731299','654',null,to_date('26/12/18','DD/MM/RR'),'61',null,'750','1','44','1','44');
Insert into CENTRAL.VENTA (ID_VENTA,ID_USUARIO,N_BOLETA,N_ORDEN,FECHA_INGRESO,ID_UCC,ID_TIPO_VENTA,TOTAL,TIPO_VENTA,ID_SUCURSAL,ESTADO,VOUCHER) values ('609','18731299','4',null,to_date('26/12/18','DD/MM/RR'),'61',null,'450','0','44','1',null);
--------------------------------------------------------
--  DDL for Index COMPRA_PK
--------------------------------------------------------

  CREATE UNIQUE INDEX "CENTRAL"."COMPRA_PK" ON "CENTRAL"."COMPRA" ("ID_COMPRA") 
  PCTFREE 10 INITRANS 2 MAXTRANS 255 COMPUTE STATISTICS 
  STORAGE(INITIAL 65536 NEXT 1048576 MINEXTENTS 1 MAXEXTENTS 2147483645
  PCTINCREASE 0 FREELISTS 1 FREELIST GROUPS 1 BUFFER_POOL DEFAULT)
  TABLESPACE "USERS" ;
--------------------------------------------------------
--  DDL for Index BECA_PK
--------------------------------------------------------

  CREATE UNIQUE INDEX "CENTRAL"."BECA_PK" ON "CENTRAL"."BECA" ("ID_BECA") 
  PCTFREE 10 INITRANS 2 MAXTRANS 255 COMPUTE STATISTICS 
  STORAGE(INITIAL 65536 NEXT 1048576 MINEXTENTS 1 MAXEXTENTS 2147483645
  PCTINCREASE 0 FREELISTS 1 FREELIST GROUPS 1 BUFFER_POOL DEFAULT)
  TABLESPACE "USERS" ;
--------------------------------------------------------
--  DDL for Index INSUMO_PK
--------------------------------------------------------

  CREATE UNIQUE INDEX "CENTRAL"."INSUMO_PK" ON "CENTRAL"."INSUMO" ("ID_INSUMO") 
  PCTFREE 10 INITRANS 2 MAXTRANS 255 COMPUTE STATISTICS 
  STORAGE(INITIAL 65536 NEXT 1048576 MINEXTENTS 1 MAXEXTENTS 2147483645
  PCTINCREASE 0 FREELISTS 1 FREELIST GROUPS 1 BUFFER_POOL DEFAULT)
  TABLESPACE "USERS" ;
--------------------------------------------------------
--  DDL for Index PRODUCTO_PK
--------------------------------------------------------

  CREATE UNIQUE INDEX "CENTRAL"."PRODUCTO_PK" ON "CENTRAL"."PRODUCTO" ("ID_PRODUCTO") 
  PCTFREE 10 INITRANS 2 MAXTRANS 255 COMPUTE STATISTICS 
  STORAGE(INITIAL 65536 NEXT 1048576 MINEXTENTS 1 MAXEXTENTS 2147483645
  PCTINCREASE 0 FREELISTS 1 FREELIST GROUPS 1 BUFFER_POOL DEFAULT)
  TABLESPACE "USERS" ;
--------------------------------------------------------
--  DDL for Index TIPO_VENTA_PK
--------------------------------------------------------

  CREATE UNIQUE INDEX "CENTRAL"."TIPO_VENTA_PK" ON "CENTRAL"."TIPO_VENTA" ("ID_TIPO_VENTA") 
  PCTFREE 10 INITRANS 2 MAXTRANS 255 COMPUTE STATISTICS 
  STORAGE(INITIAL 65536 NEXT 1048576 MINEXTENTS 1 MAXEXTENTS 2147483645
  PCTINCREASE 0 FREELISTS 1 FREELIST GROUPS 1 BUFFER_POOL DEFAULT)
  TABLESPACE "USERS" ;
--------------------------------------------------------
--  DDL for Index ITEMS_COMPRA_PK
--------------------------------------------------------

  CREATE UNIQUE INDEX "CENTRAL"."ITEMS_COMPRA_PK" ON "CENTRAL"."ITEMS_COMPRA" ("ID_ITEMS_COMPRA") 
  PCTFREE 10 INITRANS 2 MAXTRANS 255 COMPUTE STATISTICS 
  STORAGE(INITIAL 65536 NEXT 1048576 MINEXTENTS 1 MAXEXTENTS 2147483645
  PCTINCREASE 0 FREELISTS 1 FREELIST GROUPS 1 BUFFER_POOL DEFAULT)
  TABLESPACE "USERS" ;
--------------------------------------------------------
--  DDL for Index VENTA_PK
--------------------------------------------------------

  CREATE UNIQUE INDEX "CENTRAL"."VENTA_PK" ON "CENTRAL"."VENTA" ("ID_VENTA") 
  PCTFREE 10 INITRANS 2 MAXTRANS 255 COMPUTE STATISTICS 
  STORAGE(INITIAL 65536 NEXT 1048576 MINEXTENTS 1 MAXEXTENTS 2147483645
  PCTINCREASE 0 FREELISTS 1 FREELIST GROUPS 1 BUFFER_POOL DEFAULT)
  TABLESPACE "USERS" ;
--------------------------------------------------------
--  DDL for Index PERFIL_PK
--------------------------------------------------------

  CREATE UNIQUE INDEX "CENTRAL"."PERFIL_PK" ON "CENTRAL"."PERFIL" ("ID_PERFIL") 
  PCTFREE 10 INITRANS 2 MAXTRANS 255 COMPUTE STATISTICS 
  STORAGE(INITIAL 65536 NEXT 1048576 MINEXTENTS 1 MAXEXTENTS 2147483645
  PCTINCREASE 0 FREELISTS 1 FREELIST GROUPS 1 BUFFER_POOL DEFAULT)
  TABLESPACE "USERS" ;
--------------------------------------------------------
--  DDL for Index ITEMS_VENTA_PK
--------------------------------------------------------

  CREATE UNIQUE INDEX "CENTRAL"."ITEMS_VENTA_PK" ON "CENTRAL"."ITEMS_VENTA" ("ID_ITEMS_VENTA") 
  PCTFREE 10 INITRANS 2 MAXTRANS 255 COMPUTE STATISTICS 
  STORAGE(INITIAL 65536 NEXT 1048576 MINEXTENTS 1 MAXEXTENTS 2147483645
  PCTINCREASE 0 FREELISTS 1 FREELIST GROUPS 1 BUFFER_POOL DEFAULT)
  TABLESPACE "USERS" ;
--------------------------------------------------------
--  DDL for Index PROVEEDOR_PK
--------------------------------------------------------

  CREATE UNIQUE INDEX "CENTRAL"."PROVEEDOR_PK" ON "CENTRAL"."PROVEEDOR" ("RUT_PROVEEDOR") 
  PCTFREE 10 INITRANS 2 MAXTRANS 255 COMPUTE STATISTICS 
  STORAGE(INITIAL 65536 NEXT 1048576 MINEXTENTS 1 MAXEXTENTS 2147483645
  PCTINCREASE 0 FREELISTS 1 FREELIST GROUPS 1 BUFFER_POOL DEFAULT)
  TABLESPACE "USERS" ;
--------------------------------------------------------
--  DDL for Index UCC_PK
--------------------------------------------------------

  CREATE UNIQUE INDEX "CENTRAL"."UCC_PK" ON "CENTRAL"."UCC" ("ID_UCC") 
  PCTFREE 10 INITRANS 2 MAXTRANS 255 COMPUTE STATISTICS 
  STORAGE(INITIAL 65536 NEXT 1048576 MINEXTENTS 1 MAXEXTENTS 2147483645
  PCTINCREASE 0 FREELISTS 1 FREELIST GROUPS 1 BUFFER_POOL DEFAULT)
  TABLESPACE "USERS" ;
--------------------------------------------------------
--  DDL for Index SUCURSAL_PK
--------------------------------------------------------

  CREATE UNIQUE INDEX "CENTRAL"."SUCURSAL_PK" ON "CENTRAL"."SUCURSAL" ("ID_SUCURSAL") 
  PCTFREE 10 INITRANS 2 MAXTRANS 255 COMPUTE STATISTICS 
  STORAGE(INITIAL 65536 NEXT 1048576 MINEXTENTS 1 MAXEXTENTS 2147483645
  PCTINCREASE 0 FREELISTS 1 FREELIST GROUPS 1 BUFFER_POOL DEFAULT)
  TABLESPACE "USERS" ;
--------------------------------------------------------
--  Constraints for Table ITEMS_VENTA
--------------------------------------------------------

  ALTER TABLE "CENTRAL"."ITEMS_VENTA" ADD CONSTRAINT "ITEMS_VENTA_PK" PRIMARY KEY ("ID_ITEMS_VENTA")
  USING INDEX PCTFREE 10 INITRANS 2 MAXTRANS 255 COMPUTE STATISTICS 
  STORAGE(INITIAL 65536 NEXT 1048576 MINEXTENTS 1 MAXEXTENTS 2147483645
  PCTINCREASE 0 FREELISTS 1 FREELIST GROUPS 1 BUFFER_POOL DEFAULT)
  TABLESPACE "USERS"  ENABLE;
--------------------------------------------------------
--  Constraints for Table SUCURSAL
--------------------------------------------------------

  ALTER TABLE "CENTRAL"."SUCURSAL" ADD CONSTRAINT "SUCURSAL_PK" PRIMARY KEY ("ID_SUCURSAL")
  USING INDEX PCTFREE 10 INITRANS 2 MAXTRANS 255 COMPUTE STATISTICS 
  STORAGE(INITIAL 65536 NEXT 1048576 MINEXTENTS 1 MAXEXTENTS 2147483645
  PCTINCREASE 0 FREELISTS 1 FREELIST GROUPS 1 BUFFER_POOL DEFAULT)
  TABLESPACE "USERS"  ENABLE;
--------------------------------------------------------
--  Constraints for Table INSUMO
--------------------------------------------------------

  ALTER TABLE "CENTRAL"."INSUMO" ADD CONSTRAINT "INSUMO_PK" PRIMARY KEY ("ID_INSUMO")
  USING INDEX PCTFREE 10 INITRANS 2 MAXTRANS 255 COMPUTE STATISTICS 
  STORAGE(INITIAL 65536 NEXT 1048576 MINEXTENTS 1 MAXEXTENTS 2147483645
  PCTINCREASE 0 FREELISTS 1 FREELIST GROUPS 1 BUFFER_POOL DEFAULT)
  TABLESPACE "USERS"  ENABLE;
--------------------------------------------------------
--  Constraints for Table PERFIL
--------------------------------------------------------

  ALTER TABLE "CENTRAL"."PERFIL" ADD CONSTRAINT "PERFIL_PK" PRIMARY KEY ("ID_PERFIL")
  USING INDEX PCTFREE 10 INITRANS 2 MAXTRANS 255 COMPUTE STATISTICS 
  STORAGE(INITIAL 65536 NEXT 1048576 MINEXTENTS 1 MAXEXTENTS 2147483645
  PCTINCREASE 0 FREELISTS 1 FREELIST GROUPS 1 BUFFER_POOL DEFAULT)
  TABLESPACE "USERS"  ENABLE;
--------------------------------------------------------
--  Constraints for Table VENTA
--------------------------------------------------------

  ALTER TABLE "CENTRAL"."VENTA" ADD CONSTRAINT "VENTA_PK" PRIMARY KEY ("ID_VENTA")
  USING INDEX PCTFREE 10 INITRANS 2 MAXTRANS 255 COMPUTE STATISTICS 
  STORAGE(INITIAL 65536 NEXT 1048576 MINEXTENTS 1 MAXEXTENTS 2147483645
  PCTINCREASE 0 FREELISTS 1 FREELIST GROUPS 1 BUFFER_POOL DEFAULT)
  TABLESPACE "USERS"  ENABLE;
--------------------------------------------------------
--  Constraints for Table PROVEEDOR
--------------------------------------------------------

  ALTER TABLE "CENTRAL"."PROVEEDOR" ADD CONSTRAINT "PROVEEDOR_PK" PRIMARY KEY ("RUT_PROVEEDOR")
  USING INDEX PCTFREE 10 INITRANS 2 MAXTRANS 255 COMPUTE STATISTICS 
  STORAGE(INITIAL 65536 NEXT 1048576 MINEXTENTS 1 MAXEXTENTS 2147483645
  PCTINCREASE 0 FREELISTS 1 FREELIST GROUPS 1 BUFFER_POOL DEFAULT)
  TABLESPACE "USERS"  ENABLE;
--------------------------------------------------------
--  Constraints for Table UCC
--------------------------------------------------------

  ALTER TABLE "CENTRAL"."UCC" MODIFY ("NUMERO_UCC" NOT NULL ENABLE);
 
  ALTER TABLE "CENTRAL"."UCC" ADD UNIQUE ("NUMERO_UCC")
  USING INDEX PCTFREE 10 INITRANS 2 MAXTRANS 255 COMPUTE STATISTICS 
  STORAGE(INITIAL 65536 NEXT 1048576 MINEXTENTS 1 MAXEXTENTS 2147483645
  PCTINCREASE 0 FREELISTS 1 FREELIST GROUPS 1 BUFFER_POOL DEFAULT)
  TABLESPACE "USERS"  ENABLE;
 
  ALTER TABLE "CENTRAL"."UCC" ADD CONSTRAINT "UCC_PK" PRIMARY KEY ("ID_UCC")
  USING INDEX PCTFREE 10 INITRANS 2 MAXTRANS 255 COMPUTE STATISTICS 
  STORAGE(INITIAL 65536 NEXT 1048576 MINEXTENTS 1 MAXEXTENTS 2147483645
  PCTINCREASE 0 FREELISTS 1 FREELIST GROUPS 1 BUFFER_POOL DEFAULT)
  TABLESPACE "USERS"  ENABLE;
--------------------------------------------------------
--  Constraints for Table TIPO_VENTA
--------------------------------------------------------

  ALTER TABLE "CENTRAL"."TIPO_VENTA" ADD CONSTRAINT "TIPO_VENTA_PK" PRIMARY KEY ("ID_TIPO_VENTA")
  USING INDEX PCTFREE 10 INITRANS 2 MAXTRANS 255 COMPUTE STATISTICS 
  STORAGE(INITIAL 65536 NEXT 1048576 MINEXTENTS 1 MAXEXTENTS 2147483645
  PCTINCREASE 0 FREELISTS 1 FREELIST GROUPS 1 BUFFER_POOL DEFAULT)
  TABLESPACE "USERS"  ENABLE;
--------------------------------------------------------
--  Constraints for Table ITEMS_COMPRA
--------------------------------------------------------

  ALTER TABLE "CENTRAL"."ITEMS_COMPRA" ADD CONSTRAINT "ITEMS_COMPRA_PK" PRIMARY KEY ("ID_ITEMS_COMPRA")
  USING INDEX PCTFREE 10 INITRANS 2 MAXTRANS 255 COMPUTE STATISTICS 
  STORAGE(INITIAL 65536 NEXT 1048576 MINEXTENTS 1 MAXEXTENTS 2147483645
  PCTINCREASE 0 FREELISTS 1 FREELIST GROUPS 1 BUFFER_POOL DEFAULT)
  TABLESPACE "USERS"  ENABLE;
--------------------------------------------------------
--  Constraints for Table COMPRA
--------------------------------------------------------

  ALTER TABLE "CENTRAL"."COMPRA" ADD CONSTRAINT "COMPRA_PK" PRIMARY KEY ("ID_COMPRA")
  USING INDEX PCTFREE 10 INITRANS 2 MAXTRANS 255 COMPUTE STATISTICS 
  STORAGE(INITIAL 65536 NEXT 1048576 MINEXTENTS 1 MAXEXTENTS 2147483645
  PCTINCREASE 0 FREELISTS 1 FREELIST GROUPS 1 BUFFER_POOL DEFAULT)
  TABLESPACE "USERS"  ENABLE;
--------------------------------------------------------
--  Constraints for Table BECA
--------------------------------------------------------

  ALTER TABLE "CENTRAL"."BECA" ADD CONSTRAINT "BECA_PK" PRIMARY KEY ("ID_BECA")
  USING INDEX PCTFREE 10 INITRANS 2 MAXTRANS 255 COMPUTE STATISTICS 
  STORAGE(INITIAL 65536 NEXT 1048576 MINEXTENTS 1 MAXEXTENTS 2147483645
  PCTINCREASE 0 FREELISTS 1 FREELIST GROUPS 1 BUFFER_POOL DEFAULT)
  TABLESPACE "USERS"  ENABLE;
 
  ALTER TABLE "CENTRAL"."BECA" MODIFY ("ID_BECA" NOT NULL ENABLE);
--------------------------------------------------------
--  Constraints for Table USUARIO
--------------------------------------------------------

  ALTER TABLE "CENTRAL"."USUARIO" ADD PRIMARY KEY ("RUT")
  USING INDEX PCTFREE 10 INITRANS 2 MAXTRANS 255 COMPUTE STATISTICS 
  STORAGE(INITIAL 65536 NEXT 1048576 MINEXTENTS 1 MAXEXTENTS 2147483645
  PCTINCREASE 0 FREELISTS 1 FREELIST GROUPS 1 BUFFER_POOL DEFAULT)
  TABLESPACE "USERS"  ENABLE;
--------------------------------------------------------
--  Constraints for Table PRODUCTO
--------------------------------------------------------

  ALTER TABLE "CENTRAL"."PRODUCTO" ADD CONSTRAINT "PRODUCTO_PK" PRIMARY KEY ("ID_PRODUCTO")
  USING INDEX PCTFREE 10 INITRANS 2 MAXTRANS 255 COMPUTE STATISTICS 
  STORAGE(INITIAL 65536 NEXT 1048576 MINEXTENTS 1 MAXEXTENTS 2147483645
  PCTINCREASE 0 FREELISTS 1 FREELIST GROUPS 1 BUFFER_POOL DEFAULT)
  TABLESPACE "USERS"  ENABLE;
--------------------------------------------------------
--  Ref Constraints for Table BECA
--------------------------------------------------------

  ALTER TABLE "CENTRAL"."BECA" ADD CONSTRAINT "FK_SUCURSAL_2" FOREIGN KEY ("ID_SUCURSAL")
	  REFERENCES "CENTRAL"."SUCURSAL" ("ID_SUCURSAL") ENABLE;
 
  ALTER TABLE "CENTRAL"."BECA" ADD CONSTRAINT "FK_USUARIO_2" FOREIGN KEY ("ID_USUARIO")
	  REFERENCES "CENTRAL"."USUARIO" ("RUT") ENABLE;
--------------------------------------------------------
--  Ref Constraints for Table COMPRA
--------------------------------------------------------

  ALTER TABLE "CENTRAL"."COMPRA" ADD CONSTRAINT "FK_RUT_PROVEEDOR" FOREIGN KEY ("RUT_PROVEEDOR")
	  REFERENCES "CENTRAL"."PROVEEDOR" ("RUT_PROVEEDOR") ENABLE;
 
  ALTER TABLE "CENTRAL"."COMPRA" ADD CONSTRAINT "FK_SUCURSAL_C" FOREIGN KEY ("ID_SUCURSAL")
	  REFERENCES "CENTRAL"."SUCURSAL" ("ID_SUCURSAL") ENABLE;
 
  ALTER TABLE "CENTRAL"."COMPRA" ADD CONSTRAINT "FK_UCC_C" FOREIGN KEY ("ID_UCC")
	  REFERENCES "CENTRAL"."UCC" ("ID_UCC") ENABLE;
 
  ALTER TABLE "CENTRAL"."COMPRA" ADD CONSTRAINT "FK_USUARIO_C" FOREIGN KEY ("ID_USUARIO")
	  REFERENCES "CENTRAL"."USUARIO" ("RUT") ENABLE;
--------------------------------------------------------
--  Ref Constraints for Table INSUMO
--------------------------------------------------------

  ALTER TABLE "CENTRAL"."INSUMO" ADD CONSTRAINT "FK_PROVEEDOR" FOREIGN KEY ("RUT_PROVEEDOR")
	  REFERENCES "CENTRAL"."PROVEEDOR" ("RUT_PROVEEDOR") ENABLE;
 
  ALTER TABLE "CENTRAL"."INSUMO" ADD CONSTRAINT "FK_SUCURSAL_I" FOREIGN KEY ("ID_SUCURSAL")
	  REFERENCES "CENTRAL"."SUCURSAL" ("ID_SUCURSAL") ENABLE;
--------------------------------------------------------
--  Ref Constraints for Table ITEMS_VENTA
--------------------------------------------------------

  ALTER TABLE "CENTRAL"."ITEMS_VENTA" ADD CONSTRAINT "FK_PRODUCTO" FOREIGN KEY ("ID_PRODUCTO")
	  REFERENCES "CENTRAL"."PRODUCTO" ("ID_PRODUCTO") ENABLE;
 
  ALTER TABLE "CENTRAL"."ITEMS_VENTA" ADD CONSTRAINT "FK_VENTA" FOREIGN KEY ("ID_VENTA")
	  REFERENCES "CENTRAL"."VENTA" ("ID_VENTA") ENABLE;
--------------------------------------------------------
--  Ref Constraints for Table PRODUCTO
--------------------------------------------------------

  ALTER TABLE "CENTRAL"."PRODUCTO" ADD CONSTRAINT "FK_SUCURSAL_P" FOREIGN KEY ("ID_SUCURSAL")
	  REFERENCES "CENTRAL"."SUCURSAL" ("ID_SUCURSAL") ENABLE;
--------------------------------------------------------
--  Ref Constraints for Table USUARIO
--------------------------------------------------------

  ALTER TABLE "CENTRAL"."USUARIO" ADD CONSTRAINT "FK_PERFIL" FOREIGN KEY ("ID_PERFIL")
	  REFERENCES "CENTRAL"."PERFIL" ("ID_PERFIL") ENABLE;
 
  ALTER TABLE "CENTRAL"."USUARIO" ADD CONSTRAINT "FK_SUCURSAL_U" FOREIGN KEY ("ID_SUCURSAL")
	  REFERENCES "CENTRAL"."SUCURSAL" ("ID_SUCURSAL") ENABLE;
--------------------------------------------------------
--  Ref Constraints for Table VENTA
--------------------------------------------------------

  ALTER TABLE "CENTRAL"."VENTA" ADD CONSTRAINT "FK_SUCURSAL" FOREIGN KEY ("ID_SUCURSAL")
	  REFERENCES "CENTRAL"."SUCURSAL" ("ID_SUCURSAL") ENABLE;
 
  ALTER TABLE "CENTRAL"."VENTA" ADD CONSTRAINT "FK_UCC" FOREIGN KEY ("ID_UCC")
	  REFERENCES "CENTRAL"."UCC" ("ID_UCC") ENABLE;
 
  ALTER TABLE "CENTRAL"."VENTA" ADD CONSTRAINT "FK_USUARIO" FOREIGN KEY ("ID_USUARIO")
	  REFERENCES "CENTRAL"."USUARIO" ("RUT") ENABLE;
